{"stats":{"minecraft:broken":{"minecraft:iron_shovel":1},"minecraft:mined":{"minecraft:tuff":10,"minecraft:spruce_planks":10,"minecraft:deepslate_diamond_ore":22,"minecraft:cave_vines_plant":30,"minecraft:grass_block":472,"minecraft:moss_block":15,"minecraft:spawner":2,"minecraft:raw_iron_block":1,"minecraft:furnace":2,"minecraft:snow":51,"minecraft:andesite":1,"minecraft:pumpkin":5,"minecraft:deepslate_lapis_ore":2,"minecraft:cave_vines":34,"minecraft:deepslate_iron_ore":37,"minecraft:azalea":1,"minecraft:stone":38,"minecraft:deepslate_redstone_ore":12,"minecraft:crafting_table":2,"minecraft:clay":4,"minecraft:short_grass":8,"minecraft:copper_ore":4,"minecraft:tall_grass":1,"minecraft:lapis_ore":4,"minecraft:spruce_log":50,"minecraft:coal_ore":1,"minecraft:oak_log":19,"minecraft:dirt":344,"minecraft:gravel":8,"minecraft:cobweb":41,"minecraft:oak_leaves":30,"minecraft:fern":1,"minecraft:deepslate":95},"minecraft:custom":{"minecraft:mob_kills":19,"minecraft:interact_with_crafting_table":29,"minecraft:leave_game":2,"minecraft:time_since_death":123521,"minecraft:climb_one_cm":628,"minecraft:sprint_one_cm":237562,"minecraft:walk_one_cm":604464,"minecraft:drop":33,"minecraft:play_time":123521,"minecraft:sneak_time":10247,"minecraft:walk_under_water_one_cm":14711,"minecraft:jump":1117,"minecraft:walk_on_water_one_cm":35347,"minecraft:total_world_time":123521,"minecraft:interact_with_furnace":31,"minecraft:sleep_in_bed":1,"minecraft:time_since_rest":14009,"minecraft:damage_taken":1418,"minecraft:damage_absorbed":32,"minecraft:damage_dealt":3181,"minecraft:fly_one_cm":94579,"minecraft:open_chest":4,"minecraft:crouch_one_cm":43631,"minecraft:fall_one_cm":21020},"minecraft:used":{"minecraft:moss_block":13,"minecraft:stone_sword":16,"minecraft:iron_shovel":392,"minecraft:stone_shovel":51,"minecraft:spruce_slab":6,"minecraft:spruce_planks":87,"minecraft:chest":2,"minecraft:rotten_flesh":1,"minecraft:iron_chestplate":1,"minecraft:torch":22,"minecraft:dirt":580,"minecraft:tuff":10,"minecraft:snowball":49,"minecraft:wooden_axe":17,"minecraft:iron_helmet":1,"minecraft:iron_boots":1,"minecraft:bow":12,"minecraft:furnace":5,"minecraft:cooked_beef":10,"minecraft:cobbled_deepslate":55,"minecraft:iron_leggings":1,"minecraft:diamond_boots":1,"minecraft:spruce_door":3,"minecraft:stone_pickaxe":28,"minecraft:oak_planks":5,"minecraft:wooden_pickaxe":24,"minecraft:golden_apple":1,"minecraft:glow_berries":33,"minecraft:crafting_table":6,"minecraft:diamond_pickaxe":103,"minecraft:diamond_shovel":345,"minecraft:bread":3,"minecraft:iron_pickaxe":86,"minecraft:gravel":3,"minecraft:stone_axe":87,"minecraft:diamond_sword":129,"minecraft:bucket":1,"minecraft:stripped_oak_log":1},"minecraft:dropped":{"minecraft:iron_helmet":1,"minecraft:glow_berries":10,"minecraft:rail":3,"minecraft:wooden_axe":1,"minecraft:iron_leggings":1,"minecraft:iron_pickaxe":2,"minecraft:redstone":110,"minecraft:stone_sword":2,"minecraft:raw_iron":5,"minecraft:stone_shovel":2,"minecraft:iron_boots":1,"minecraft:spruce_planks":2,"minecraft:iron_chestplate":1,"minecraft:stone_pickaxe":1,"minecraft:wooden_pickaxe":1},"minecraft:crafted":{"minecraft:raw_iron":9,"minecraft:stone_shovel":1,"minecraft:furnace":3,"minecraft:diamond_helmet":1,"minecraft:bow":1,"minecraft:iron_boots":1,"minecraft:spruce_slab":6,"minecraft:stone_pickaxe":1,"minecraft:chest":2,"minecraft:diamond_boots":1,"minecraft:diamond_sword":1,"minecraft:crafting_table":5,"minecraft:spruce_planks":200,"minecraft:iron_helmet":1,"minecraft:wooden_pickaxe":1,"minecraft:stone_axe":1,"minecraft:air":0,"minecraft:iron_chestplate":1,"minecraft:diamond_pickaxe":1,"minecraft:stick":32,"minecraft:iron_ingot":41,"minecraft:iron_pickaxe":1,"minecraft:wooden_axe":1,"minecraft:stone_sword":1,"minecraft:iron_shovel":7,"minecraft:iron_leggings":2,"minecraft:torch":4,"minecraft:diamond_chestplate":1},"minecraft:picked_up":{"minecraft:crafting_table":2,"minecraft:clay_ball":16,"minecraft:string":32,"minecraft:raw_copper":16,"minecraft:cobbled_deepslate":86,"minecraft:bucket":1,"minecraft:spruce_planks":12,"minecraft:azalea":1,"minecraft:furnace":2,"minecraft:raw_iron":37,"minecraft:stick":2,"minecraft:redstone":110,"minecraft:rotten_flesh":3,"minecraft:stone_sword":1,"minecraft:arrow":11,"minecraft:stone_shovel":1,"minecraft:glow_berries":33,"minecraft:mutton":2,"minecraft:rail":3,"minecraft:snowball":49,"minecraft:white_wool":2,"minecraft:cobblestone":38,"minecraft:stripped_oak_log":1,"minecraft:cooked_beef":12,"minecraft:andesite":1,"minecraft:flint":1,"minecraft:tuff":10,"minecraft:oak_log":19,"minecraft:gunpowder":2,"minecraft:lapis_lazuli":37,"minecraft:dirt":827,"minecraft:bone":8,"minecraft:wheat_seeds":3,"minecraft:moss_block":20,"minecraft:oak_planks":8,"minecraft:pumpkin":5,"minecraft:sweet_berries":31,"minecraft:dandelion":1,"minecraft:raw_iron_block":1,"minecraft:gravel":5,"minecraft:ink_sac":1,"minecraft:spruce_log":50,"minecraft:spider_eye":1,"minecraft:spruce_door":3,"minecraft:diamond_shovel":1,"minecraft:diamond":22,"minecraft:oak_sapling":3,"minecraft:coal":1},"minecraft:killed":{"minecraft:cave_spider":1,"minecraft:spider":1,"minecraft:skeleton":9,"minecraft:creeper":4,"minecraft:sheep":2,"minecraft:zombie":2}},"DataVersion":3955}