{"stats":{"minecraft:mined":{"minecraft:deepslate_redstone_ore":12,"minecraft:tuff":5,"minecraft:spruce_planks":10,"minecraft:deepslate_diamond_ore":22,"minecraft:clay":4,"minecraft:crafting_table":2,"minecraft:cave_vines_plant":30,"minecraft:short_grass":3,"minecraft:grass_block":19,"minecraft:tall_grass":1,"minecraft:copper_ore":4,"minecraft:lapis_ore":4,"minecraft:moss_block":15,"minecraft:spawner":2,"minecraft:raw_iron_block":1,"minecraft:furnace":2,"minecraft:snow":51,"minecraft:spruce_log":50,"minecraft:andesite":1,"minecraft:pumpkin":5,"minecraft:deepslate_lapis_ore":2,"minecraft:oak_log":10,"minecraft:coal_ore":1,"minecraft:cave_vines":34,"minecraft:deepslate_iron_ore":37,"minecraft:gravel":7,"minecraft:dirt":22,"minecraft:cobweb":41,"minecraft:azalea":1,"minecraft:stone":38,"minecraft:oak_leaves":6,"minecraft:deepslate":95,"minecraft:fern":1},"minecraft:custom":{"minecraft:interact_with_furnace":31,"minecraft:mob_kills":14,"minecraft:interact_with_crafting_table":26,"minecraft:leave_game":2,"minecraft:time_since_death":87521,"minecraft:climb_one_cm":628,"minecraft:time_since_rest":87521,"minecraft:sprint_one_cm":198074,"minecraft:damage_taken":1255,"minecraft:damage_absorbed":32,"minecraft:walk_one_cm":443883,"minecraft:drop":29,"minecraft:damage_dealt":2466,"minecraft:fly_one_cm":72532,"minecraft:open_chest":2,"minecraft:crouch_one_cm":97,"minecraft:play_time":87521,"minecraft:sneak_time":72,"minecraft:walk_under_water_one_cm":10807,"minecraft:jump":902,"minecraft:walk_on_water_one_cm":32663,"minecraft:total_world_time":87521,"minecraft:fall_one_cm":16626},"minecraft:used":{"minecraft:moss_block":13,"minecraft:stone_sword":16,"minecraft:diamond_boots":1,"minecraft:spruce_door":3,"minecraft:stone_shovel":51,"minecraft:stone_pickaxe":28,"minecraft:oak_planks":5,"minecraft:spruce_planks":87,"minecraft:wooden_pickaxe":24,"minecraft:rotten_flesh":1,"minecraft:iron_chestplate":1,"minecraft:golden_apple":1,"minecraft:torch":22,"minecraft:glow_berries":30,"minecraft:dirt":38,"minecraft:crafting_table":5,"minecraft:snowball":49,"minecraft:wooden_axe":17,"minecraft:diamond_pickaxe":97,"minecraft:bread":3,"minecraft:iron_pickaxe":86,"minecraft:iron_helmet":1,"minecraft:iron_boots":1,"minecraft:gravel":3,"minecraft:stone_axe":73,"minecraft:diamond_sword":96,"minecraft:bow":10,"minecraft:furnace":5,"minecraft:stripped_oak_log":1,"minecraft:cooked_beef":8,"minecraft:cobbled_deepslate":55,"minecraft:iron_leggings":1},"minecraft:dropped":{"minecraft:stone_sword":2,"minecraft:stone_shovel":2,"minecraft:raw_iron":5,"minecraft:iron_helmet":1,"minecraft:glow_berries":7,"minecraft:iron_boots":1,"minecraft:spruce_planks":2,"minecraft:iron_chestplate":1,"minecraft:wooden_axe":1,"minecraft:iron_leggings":1,"minecraft:wooden_pickaxe":1,"minecraft:stone_pickaxe":1,"minecraft:iron_pickaxe":2,"minecraft:redstone":110},"minecraft:crafted":{"minecraft:raw_iron":9,"minecraft:stone_shovel":1,"minecraft:diamond_sword":1,"minecraft:crafting_table":4,"minecraft:spruce_planks":200,"minecraft:wooden_pickaxe":1,"minecraft:iron_helmet":1,"minecraft:furnace":3,"minecraft:stone_axe":1,"minecraft:air":0,"minecraft:diamond_helmet":1,"minecraft:bow":1,"minecraft:iron_boots":1,"minecraft:iron_chestplate":1,"minecraft:diamond_pickaxe":1,"minecraft:spruce_slab":6,"minecraft:stick":20,"minecraft:iron_ingot":41,"minecraft:iron_pickaxe":1,"minecraft:stone_pickaxe":1,"minecraft:wooden_axe":1,"minecraft:stone_sword":1,"minecraft:diamond_boots":1,"minecraft:iron_leggings":2,"minecraft:torch":4,"minecraft:diamond_chestplate":1},"minecraft:picked_up":{"minecraft:stripped_oak_log":1,"minecraft:crafting_table":2,"minecraft:cooked_beef":8,"minecraft:clay_ball":16,"minecraft:andesite":1,"minecraft:flint":1,"minecraft:tuff":5,"minecraft:oak_log":10,"minecraft:dirt":38,"minecraft:lapis_lazuli":37,"minecraft:string":32,"minecraft:raw_copper":16,"minecraft:bone":8,"minecraft:cobbled_deepslate":86,"minecraft:spruce_planks":12,"minecraft:azalea":1,"minecraft:moss_block":20,"minecraft:oak_planks":8,"minecraft:furnace":2,"minecraft:stick":1,"minecraft:raw_iron":37,"minecraft:pumpkin":5,"minecraft:sweet_berries":31,"minecraft:gravel":4,"minecraft:dandelion":1,"minecraft:raw_iron_block":1,"minecraft:spruce_log":50,"minecraft:redstone":110,"minecraft:spruce_door":3,"minecraft:spider_eye":1,"minecraft:stone_sword":1,"minecraft:arrow":11,"minecraft:stone_shovel":1,"minecraft:rotten_flesh":1,"minecraft:diamond":22,"minecraft:glow_berries":30,"minecraft:coal":1,"minecraft:snowball":49,"minecraft:rail":3,"minecraft:cobblestone":38},"minecraft:killed":{"minecraft:cave_spider":1,"minecraft:spider":1,"minecraft:creeper":2,"minecraft:skeleton":9,"minecraft:zombie":1}},"DataVersion":3955}