{"stats":{"minecraft:crafted":{"minecraft:oak_planks":56,"minecraft:furnace":1,"minecraft:diamond_shovel":1,"minecraft:bone_meal":18,"minecraft:spruce_fence":24,"minecraft:cooked_mutton":3,"minecraft:spruce_stairs":20,"minecraft:spruce_slab":18,"minecraft:stone_pickaxe":4,"minecraft:chest":3,"minecraft:spruce_boat":1,"minecraft:oak_fence":21,"minecraft:cooked_beef":3,"minecraft:spruce_sign":3,"minecraft:diamond_axe":1,"minecraft:crafting_table":1,"minecraft:spruce_planks":148,"minecraft:spruce_door":6,"minecraft:air":0,"minecraft:spruce_trapdoor":4,"minecraft:diamond_pickaxe":2,"minecraft:stick":28,"minecraft:iron_ingot":4,"minecraft:iron_pickaxe":1,"minecraft:stone_sword":1,"minecraft:writable_book":2},"minecraft:broken":{"minecraft:stone_sword":1,"minecraft:stone_axe":1},"minecraft:mined":{"minecraft:purple_glazed_terracotta":4,"minecraft:tuff":3,"minecraft:spruce_planks":23,"minecraft:oak_sapling":1,"minecraft:deepslate_diamond_ore":13,"minecraft:sea_lantern":2,"minecraft:spruce_trapdoor":12,"minecraft:cave_vines_plant":15,"minecraft:glow_lichen":1,"minecraft:granite":1,"minecraft:grass_block":243,"minecraft:brick_stairs":5,"minecraft:mud_bricks":261,"minecraft:spruce_leaves":62,"minecraft:mud_brick_wall":2,"minecraft:moss_block":121,"minecraft:red_mushroom":1,"minecraft:large_fern":4,"minecraft:spore_blossom":4,"minecraft:tall_seagrass":1,"minecraft:packed_mud":43,"minecraft:furnace":3,"minecraft:black_glazed_terracotta":18,"minecraft:iron_ore":2,"minecraft:cobbled_deepslate":2,"minecraft:andesite":8,"minecraft:moss_carpet":13,"minecraft:stripped_spruce_log":28,"minecraft:pumpkin":21,"minecraft:peony":13,"minecraft:big_dripleaf_stem":2,"minecraft:bell":1,"minecraft:deepslate_iron_ore":20,"minecraft:dirt_path":2,"minecraft:cave_vines":31,"minecraft:vine":4,"minecraft:rail":2,"minecraft:lantern":8,"minecraft:stripped_oak_log":207,"minecraft:azalea":4,"minecraft:stone":508,"minecraft:spruce_slab":16,"minecraft:orange_glazed_terracotta":13,"minecraft:mud_brick_slab":1,"minecraft:deepslate_redstone_ore":17,"minecraft:gray_terracotta":29,"minecraft:brown_mushroom":7,"minecraft:flowering_azalea":12,"minecraft:lily_of_the_valley":16,"minecraft:orange_terracotta":11,"minecraft:dandelion":12,"minecraft:spruce_door":8,"minecraft:oak_fence":4,"minecraft:clay":29,"minecraft:torch":1,"minecraft:crafting_table":2,"minecraft:light_gray_terracotta":8,"minecraft:short_grass":29,"minecraft:mud_brick_stairs":11,"minecraft:poppy":13,"minecraft:rose_bush":9,"minecraft:chest":2,"minecraft:copper_ore":4,"minecraft:tall_grass":9,"minecraft:glass":18,"minecraft:cobblestone":8,"minecraft:deepslate_gold_ore":24,"minecraft:prismarine":3,"minecraft:sugar_cane":4,"minecraft:bricks":13,"minecraft:blue_bed":2,"minecraft:wall_torch":2,"minecraft:big_dripleaf":2,"minecraft:white_terracotta":6,"minecraft:spruce_stairs":17,"minecraft:seagrass":2,"minecraft:chain":17,"minecraft:red_terracotta":28,"minecraft:coarse_dirt":43,"minecraft:brick_slab":1,"minecraft:blue_terracotta":47,"minecraft:mud":5,"minecraft:birch_log":21,"minecraft:sweet_berry_bush":23,"minecraft:lilac":7,"minecraft:spruce_log":107,"minecraft:birch_leaves":4,"minecraft:oak_log":293,"minecraft:dirt":389,"minecraft:gravel":398,"minecraft:sand":8,"minecraft:cracked_stone_bricks":2,"minecraft:stone_bricks":5,"minecraft:mossy_stone_bricks":1,"minecraft:deepslate":52,"minecraft:oak_leaves":226,"minecraft:fern":5,"minecraft:suspicious_gravel":4},"minecraft:dropped":{"minecraft:wheat_seeds":5,"minecraft:lilac":3,"minecraft:oak_log":5,"minecraft:glow_ink_sac":1,"minecraft:ender_pearl":1,"minecraft:diamond":4,"minecraft:iron_helmet":1,"minecraft:leather":3,"minecraft:copper_ingot":1,"minecraft:grass_block":1,"minecraft:red_mushroom":1,"minecraft:flint":1,"minecraft:stick":24,"minecraft:torch":1,"minecraft:rose_bush":18,"minecraft:sand":7,"minecraft:string":6,"minecraft:spruce_sapling":6,"minecraft:dandelion":1,"minecraft:bone":4,"minecraft:gravel":124,"minecraft:bricks":2,"minecraft:sweet_berries":32,"minecraft:sugar_cane":8,"minecraft:coarse_dirt":3,"minecraft:rotten_flesh":3,"minecraft:clay_ball":50,"minecraft:lily_of_the_valley":16,"minecraft:filled_map":1,"minecraft:poppy":9,"minecraft:peony":14,"minecraft:oak_sapling":4,"minecraft:stone_bricks":2,"minecraft:arrow":3,"minecraft:wooden_pickaxe":2},"minecraft:custom":{"minecraft:mob_kills":45,"minecraft:interact_with_crafting_table":40,"minecraft:leave_game":8,"minecraft:time_since_death":46636,"minecraft:climb_one_cm":719,"minecraft:sprint_one_cm":566114,"minecraft:walk_one_cm":1608603,"minecraft:damage_blocked_by_shield":3034,"minecraft:drop":93,"minecraft:play_time":559926,"minecraft:sneak_time":16088,"minecraft:deaths":6,"minecraft:walk_under_water_one_cm":144255,"minecraft:boat_one_cm":895300,"minecraft:jump":5321,"minecraft:walk_on_water_one_cm":197280,"minecraft:total_world_time":559926,"minecraft:interact_with_furnace":11,"minecraft:sleep_in_bed":11,"minecraft:time_since_rest":46757,"minecraft:damage_taken":4484,"minecraft:damage_dealt":7683,"minecraft:swim_one_cm":209371,"minecraft:fly_one_cm":712510,"minecraft:open_chest":62,"minecraft:crouch_one_cm":33640,"minecraft:fall_one_cm":92346},"minecraft:killed":{"minecraft:spider":4,"minecraft:skeleton":7,"minecraft:chicken":3,"minecraft:drowned":9,"minecraft:wolf":1,"minecraft:squid":2,"minecraft:sheep":2,"minecraft:zombie":9,"minecraft:enderman":1,"minecraft:cow":2},"minecraft:picked_up":{"minecraft:wooden_axe":2,"minecraft:iron_chestplate":2,"minecraft:mud":5,"minecraft:coarse_dirt":42,"minecraft:crafting_table":4,"minecraft:clay_ball":220,"minecraft:brown_mushroom":12,"minecraft:lead":1,"minecraft:wooden_pickaxe":5,"minecraft:chain":34,"minecraft:shield":1,"minecraft:string":9,"minecraft:moss_carpet":45,"minecraft:raw_copper":20,"minecraft:iron_leggings":2,"minecraft:orange_glazed_terracotta":13,"minecraft:cracked_stone_bricks":1,"minecraft:cobbled_deepslate":80,"minecraft:black_glazed_terracotta":14,"minecraft:spruce_planks":32,"minecraft:beef":3,"minecraft:rose_bush":27,"minecraft:azalea":9,"minecraft:poppy":22,"minecraft:iron_pickaxe":4,"minecraft:spruce_slab":19,"minecraft:spruce_trapdoor":12,"minecraft:sugar_cane":8,"minecraft:chest":5,"minecraft:birch_sapling":2,"minecraft:furnace":3,"minecraft:iron_boots":1,"minecraft:egg":2,"minecraft:golden_helmet":1,"minecraft:stick":97,"minecraft:raw_iron":28,"minecraft:sandstone":2,"minecraft:big_dripleaf":15,"minecraft:copper_ingot":2,"minecraft:oak_fence":4,"minecraft:torch":5,"minecraft:spruce_stairs":17,"minecraft:carrot":3,"minecraft:redstone":63,"minecraft:prismarine_crystals":5,"minecraft:arrow":3,"minecraft:rotten_flesh":25,"minecraft:tropical_fish":2,"minecraft:peony":27,"minecraft:white_terracotta":6,"minecraft:brick_stairs":5,"minecraft:glow_berries":67,"minecraft:mutton":3,"minecraft:rail":2,"minecraft:snowball":25,"minecraft:white_wool":2,"minecraft:cobblestone":503,"minecraft:stripped_oak_log":204,"minecraft:birch_log":21,"minecraft:cooked_beef":14,"minecraft:mud_bricks":256,"minecraft:feather":3,"minecraft:lilac":10,"minecraft:glow_ink_sac":2,"minecraft:leather":3,"minecraft:mud_brick_stairs":11,"minecraft:red_mushroom":2,"minecraft:filled_map":1,"minecraft:packed_mud":43,"minecraft:flint":35,"minecraft:tuff":1,"minecraft:oak_log":296,"minecraft:golden_boots":1,"minecraft:blue_bed":2,"minecraft:dirt":684,"minecraft:lantern":8,"minecraft:orange_terracotta":10,"minecraft:bone":31,"minecraft:apple":3,"minecraft:stone_bricks":2,"minecraft:bow":1,"minecraft:kelp":6,"minecraft:gray_terracotta":35,"minecraft:wheat_seeds":10,"minecraft:raw_gold":28,"minecraft:bell":1,"minecraft:spore_blossom":4,"minecraft:iron_ingot":10,"minecraft:stone_pickaxe":4,"minecraft:moss_block":314,"minecraft:prismarine":2,"minecraft:iron_sword":1,"minecraft:flowering_azalea":15,"minecraft:pumpkin":28,"minecraft:sweet_berries":205,"minecraft:dandelion":17,"minecraft:gravel":195,"minecraft:sand":9,"minecraft:stripped_spruce_log":28,"minecraft:spruce_sapling":55,"minecraft:ink_sac":3,"minecraft:spruce_log":207,"minecraft:grass_block":2,"minecraft:lily_of_the_valley":32,"minecraft:red_terracotta":40,"minecraft:spruce_door":7,"minecraft:light_gray_terracotta":11,"minecraft:diamond_shovel":1,"minecraft:blue_terracotta":46,"minecraft:spruce_boat":4,"minecraft:diamond":17,"minecraft:purple_glazed_terracotta":4,"minecraft:stone_axe":1,"minecraft:writable_book":1,"minecraft:iron_helmet":2,"minecraft:diamond_axe":1,"minecraft:oak_sapling":53,"minecraft:bricks":17,"minecraft:diamond_pickaxe":2,"minecraft:ender_pearl":2},"minecraft:killed_by":{"minecraft:creeper":1,"minecraft:skeleton":1,"minecraft:zombie":2},"minecraft:used":{"minecraft:oak_fence":24,"minecraft:moss_block":8,"minecraft:writable_book":1,"minecraft:stone_sword":84,"minecraft:spruce_slab":31,"minecraft:chest":6,"minecraft:spruce_planks":25,"minecraft:shield":78,"minecraft:iron_sword":78,"minecraft:rotten_flesh":2,"minecraft:torch":4,"minecraft:dirt":499,"minecraft:spruce_stairs":31,"minecraft:snowball":25,"minecraft:carrot":3,"minecraft:stripped_spruce_log":19,"minecraft:spruce_fence":24,"minecraft:wooden_axe":19,"minecraft:spruce_boat":5,"minecraft:iron_helmet":1,"minecraft:sweet_berries":139,"minecraft:furnace":2,"minecraft:cooked_mutton":3,"minecraft:egg":1,"minecraft:cooked_beef":17,"minecraft:cobbled_deepslate":45,"minecraft:iron_leggings":1,"minecraft:spruce_door":13,"minecraft:stone_pickaxe":72,"minecraft:wooden_pickaxe":18,"minecraft:blue_bed":1,"minecraft:spruce_sign":1,"minecraft:diamond_axe":1149,"minecraft:glow_berries":32,"minecraft:sand":1,"minecraft:crafting_table":3,"minecraft:spruce_log":40,"minecraft:oak_log":215,"minecraft:diamond_pickaxe":871,"minecraft:apple":3,"minecraft:diamond_shovel":1016,"minecraft:iron_pickaxe":345,"minecraft:spruce_trapdoor":14,"minecraft:gravel":3,"minecraft:spruce_sapling":1,"minecraft:stone_axe":82,"minecraft:cobblestone":5,"minecraft:stripped_oak_log":201,"minecraft:coarse_dirt":32,"minecraft:bone_meal":1}},"DataVersion":3955}