{"stats":{"minecraft:used":{"minecraft:moss_block":8,"minecraft:stone_sword":84,"minecraft:stone_pickaxe":72,"minecraft:shield":1,"minecraft:wooden_pickaxe":18,"minecraft:iron_sword":42,"minecraft:rotten_flesh":2,"minecraft:glow_berries":28,"minecraft:dirt":63,"minecraft:crafting_table":2,"minecraft:snowball":25,"minecraft:spruce_boat":4,"minecraft:wooden_axe":19,"minecraft:iron_pickaxe":189,"minecraft:iron_helmet":1,"minecraft:spruce_sapling":1,"minecraft:stone_axe":2,"minecraft:cobblestone":5,"minecraft:sweet_berries":111,"minecraft:furnace":1,"minecraft:egg":1,"minecraft:cooked_beef":3,"minecraft:cobbled_deepslate":45,"minecraft:iron_leggings":1},"minecraft:picked_up":{"minecraft:wooden_axe":2,"minecraft:crafting_table":4,"minecraft:cooked_beef":3,"minecraft:clay_ball":220,"minecraft:glow_ink_sac":2,"minecraft:wooden_pickaxe":5,"minecraft:tuff":1,"minecraft:chain":34,"minecraft:lantern":8,"minecraft:blue_bed":2,"minecraft:moss_carpet":45,"minecraft:dirt":63,"minecraft:string":6,"minecraft:raw_copper":20,"minecraft:iron_leggings":1,"minecraft:bone":15,"minecraft:wheat_seeds":7,"minecraft:cobbled_deepslate":80,"minecraft:raw_gold":28,"minecraft:bell":1,"minecraft:spore_blossom":4,"minecraft:stone_pickaxe":4,"minecraft:iron_ingot":10,"minecraft:azalea":9,"minecraft:iron_pickaxe":2,"minecraft:sugar_cane":3,"minecraft:moss_block":250,"minecraft:chest":1,"minecraft:flowering_azalea":15,"minecraft:egg":1,"minecraft:furnace":2,"minecraft:stick":27,"minecraft:raw_iron":27,"minecraft:pumpkin":14,"minecraft:sweet_berries":204,"minecraft:big_dripleaf":15,"minecraft:torch":1,"minecraft:dandelion":1,"minecraft:spruce_sapling":43,"minecraft:spruce_log":31,"minecraft:redstone":63,"minecraft:stone_axe":1,"minecraft:arrow":2,"minecraft:spruce_boat":4,"minecraft:rotten_flesh":12,"minecraft:diamond":17,"minecraft:tropical_fish":2,"minecraft:iron_helmet":1,"minecraft:glow_berries":63,"minecraft:snowball":25,"minecraft:rail":2,"minecraft:cobblestone":36},"minecraft:dropped":{"minecraft:sweet_berries":32,"minecraft:wheat_seeds":2,"minecraft:glow_ink_sac":1,"minecraft:diamond":4,"minecraft:rotten_flesh":3,"minecraft:clay_ball":50,"minecraft:torch":1,"minecraft:arrow":2,"minecraft:wooden_pickaxe":2,"minecraft:string":4,"minecraft:dandelion":1,"minecraft:bone":4},"minecraft:killed":{"minecraft:wolf":1,"minecraft:spider":2,"minecraft:skeleton":2,"minecraft:zombie":3,"minecraft:drowned":1},"minecraft:custom":{"minecraft:interact_with_furnace":2,"minecraft:mob_kills":14,"minecraft:interact_with_crafting_table":6,"minecraft:leave_game":3,"minecraft:time_since_death":87393,"minecraft:sleep_in_bed":1,"minecraft:climb_one_cm":719,"minecraft:time_since_rest":75134,"minecraft:sprint_one_cm":212958,"minecraft:damage_taken":2475,"minecraft:walk_one_cm":675737,"minecraft:damage_blocked_by_shield":20,"minecraft:drop":54,"minecraft:damage_dealt":2630,"minecraft:swim_one_cm":18217,"minecraft:fly_one_cm":440078,"minecraft:open_chest":3,"minecraft:crouch_one_cm":19078,"minecraft:play_time":195885,"minecraft:deaths":4,"minecraft:sneak_time":8059,"minecraft:walk_under_water_one_cm":23296,"minecraft:boat_one_cm":458933,"minecraft:jump":2744,"minecraft:walk_on_water_one_cm":65677,"minecraft:total_world_time":195885,"minecraft:fall_one_cm":52081},"minecraft:mined":{"minecraft:deepslate_redstone_ore":17,"minecraft:tuff":3,"minecraft:flowering_azalea":12,"minecraft:oak_sapling":1,"minecraft:deepslate_diamond_ore":13,"minecraft:dandelion":1,"minecraft:clay":29,"minecraft:crafting_table":2,"minecraft:glow_lichen":1,"minecraft:cave_vines_plant":15,"minecraft:short_grass":17,"minecraft:grass_block":18,"minecraft:chest":1,"minecraft:tall_grass":5,"minecraft:copper_ore":4,"minecraft:cobblestone":5,"minecraft:spruce_leaves":41,"minecraft:deepslate_gold_ore":24,"minecraft:sugar_cane":1,"minecraft:moss_block":121,"minecraft:blue_bed":2,"minecraft:big_dripleaf":2,"minecraft:large_fern":4,"minecraft:chain":17,"minecraft:spore_blossom":4,"minecraft:furnace":2,"minecraft:iron_ore":1,"minecraft:cobbled_deepslate":2,"minecraft:sweet_berry_bush":22,"minecraft:spruce_log":19,"minecraft:birch_leaves":1,"minecraft:pumpkin":14,"minecraft:moss_carpet":13,"minecraft:big_dripleaf_stem":2,"minecraft:oak_log":2,"minecraft:bell":1,"minecraft:lantern":8,"minecraft:cave_vines":31,"minecraft:deepslate_iron_ore":20,"minecraft:vine":4,"minecraft:rail":2,"minecraft:gravel":1,"minecraft:dirt":19,"minecraft:azalea":4,"minecraft:stone":27,"minecraft:oak_leaves":19,"minecraft:fern":4,"minecraft:deepslate":52},"minecraft:killed_by":{"minecraft:skeleton":1,"minecraft:creeper":1,"minecraft:zombie":2},"minecraft:crafted":{"minecraft:furnace":1,"minecraft:air":0,"minecraft:iron_ingot":4,"minecraft:iron_pickaxe":1,"minecraft:stone_pickaxe":4,"minecraft:stone_sword":1},"minecraft:broken":{"minecraft:stone_sword":1}},"DataVersion":3955}