{"stats":{"minecraft:crafted":{"minecraft:furnace":1,"minecraft:air":0,"minecraft:iron_ingot":4,"minecraft:iron_pickaxe":1,"minecraft:stone_pickaxe":4,"minecraft:stone_sword":1},"minecraft:broken":{"minecraft:stone_sword":1},"minecraft:mined":{"minecraft:deepslate_redstone_ore":11,"minecraft:tuff":2,"minecraft:flowering_azalea":12,"minecraft:deepslate_diamond_ore":9,"minecraft:dandelion":1,"minecraft:glow_lichen":1,"minecraft:clay":29,"minecraft:crafting_table":2,"minecraft:cave_vines_plant":15,"minecraft:short_grass":17,"minecraft:grass_block":13,"minecraft:copper_ore":4,"minecraft:tall_grass":5,"minecraft:cobblestone":5,"minecraft:spruce_leaves":29,"minecraft:deepslate_gold_ore":21,"minecraft:moss_block":121,"minecraft:big_dripleaf":2,"minecraft:large_fern":1,"minecraft:spore_blossom":4,"minecraft:chain":17,"minecraft:furnace":1,"minecraft:iron_ore":1,"minecraft:cobbled_deepslate":2,"minecraft:sweet_berry_bush":2,"minecraft:spruce_log":19,"minecraft:moss_carpet":13,"minecraft:big_dripleaf_stem":2,"minecraft:cave_vines":30,"minecraft:vine":4,"minecraft:deepslate_iron_ore":20,"minecraft:dirt":14,"minecraft:azalea":4,"minecraft:stone":23,"minecraft:deepslate":46},"minecraft:dropped":{"minecraft:sweet_berries":31,"minecraft:diamond":4,"minecraft:rotten_flesh":1,"minecraft:clay_ball":50,"minecraft:torch":1,"minecraft:wooden_pickaxe":2,"minecraft:string":4,"minecraft:bone":2,"minecraft:dandelion":1},"minecraft:custom":{"minecraft:interact_with_furnace":2,"minecraft:mob_kills":1,"minecraft:interact_with_crafting_table":6,"minecraft:leave_game":3,"minecraft:time_since_death":36784,"minecraft:climb_one_cm":719,"minecraft:time_since_rest":36841,"minecraft:sprint_one_cm":84595,"minecraft:damage_taken":1073,"minecraft:walk_one_cm":367849,"minecraft:drop":46,"minecraft:damage_dealt":470,"minecraft:swim_one_cm":15180,"minecraft:fly_one_cm":109401,"minecraft:open_chest":1,"minecraft:crouch_one_cm":15557,"minecraft:play_time":87979,"minecraft:deaths":1,"minecraft:sneak_time":6558,"minecraft:walk_under_water_one_cm":15460,"minecraft:jump":1226,"minecraft:walk_on_water_one_cm":45646,"minecraft:total_world_time":87979,"minecraft:fall_one_cm":19042},"minecraft:killed":{"minecraft:skeleton":1},"minecraft:picked_up":{"minecraft:wooden_axe":2,"minecraft:crafting_table":4,"minecraft:cooked_beef":3,"minecraft:clay_ball":220,"minecraft:glow_ink_sac":2,"minecraft:wooden_pickaxe":5,"minecraft:tuff":1,"minecraft:chain":34,"minecraft:string":4,"minecraft:dirt":57,"minecraft:moss_carpet":45,"minecraft:raw_copper":20,"minecraft:iron_leggings":1,"minecraft:bone":4,"minecraft:wheat_seeds":5,"minecraft:cobbled_deepslate":76,"minecraft:raw_gold":25,"minecraft:spore_blossom":4,"minecraft:stone_pickaxe":4,"minecraft:iron_ingot":10,"minecraft:azalea":9,"minecraft:iron_pickaxe":2,"minecraft:moss_block":250,"minecraft:flowering_azalea":15,"minecraft:furnace":1,"minecraft:stick":27,"minecraft:raw_iron":27,"minecraft:sweet_berries":63,"minecraft:big_dripleaf":15,"minecraft:torch":1,"minecraft:dandelion":1,"minecraft:spruce_sapling":43,"minecraft:spruce_log":31,"minecraft:redstone":43,"minecraft:rotten_flesh":2,"minecraft:diamond":14,"minecraft:tropical_fish":2,"minecraft:iron_helmet":1,"minecraft:glow_berries":63,"minecraft:snowball":25,"minecraft:cobblestone":31},"minecraft:killed_by":{"minecraft:skeleton":1},"minecraft:used":{"minecraft:moss_block":8,"minecraft:stone_sword":84,"minecraft:stone_pickaxe":71,"minecraft:wooden_pickaxe":18,"minecraft:rotten_flesh":1,"minecraft:glow_berries":18,"minecraft:dirt":57,"minecraft:crafting_table":2,"minecraft:snowball":25,"minecraft:wooden_axe":10,"minecraft:iron_pickaxe":144,"minecraft:iron_helmet":1,"minecraft:spruce_sapling":1,"minecraft:cobblestone":5,"minecraft:sweet_berries":26,"minecraft:furnace":1,"minecraft:cooked_beef":3,"minecraft:cobbled_deepslate":45,"minecraft:iron_leggings":1}},"DataVersion":3955}