{"stats":{"minecraft:crafted":{"minecraft:oak_planks":52,"minecraft:furnace":1,"minecraft:bone_meal":18,"minecraft:diamond_shovel":1,"minecraft:stone_pickaxe":4,"minecraft:oak_fence":21,"minecraft:diamond_axe":1,"minecraft:spruce_door":3,"minecraft:air":0,"minecraft:stick":8,"minecraft:iron_ingot":4,"minecraft:iron_pickaxe":1,"minecraft:stone_sword":1},"minecraft:picked_up":{"minecraft:wooden_axe":2,"minecraft:crafting_table":4,"minecraft:clay_ball":220,"minecraft:wooden_pickaxe":5,"minecraft:chain":34,"minecraft:moss_carpet":45,"minecraft:string":7,"minecraft:raw_copper":20,"minecraft:iron_leggings":1,"minecraft:cobbled_deepslate":80,"minecraft:spruce_planks":12,"minecraft:azalea":9,"minecraft:iron_pickaxe":2,"minecraft:chest":2,"minecraft:sugar_cane":3,"minecraft:birch_sapling":2,"minecraft:egg":1,"minecraft:furnace":2,"minecraft:raw_iron":27,"minecraft:stick":47,"minecraft:big_dripleaf":15,"minecraft:oak_fence":2,"minecraft:torch":1,"minecraft:redstone":63,"minecraft:arrow":2,"minecraft:rotten_flesh":16,"minecraft:tropical_fish":2,"minecraft:glow_berries":63,"minecraft:snowball":25,"minecraft:rail":2,"minecraft:cobblestone":116,"minecraft:stripped_oak_log":109,"minecraft:birch_log":21,"minecraft:cooked_beef":14,"minecraft:glow_ink_sac":2,"minecraft:flint":9,"minecraft:tuff":1,"minecraft:oak_log":93,"minecraft:blue_bed":2,"minecraft:dirt":329,"minecraft:lantern":8,"minecraft:bone":15,"minecraft:apple":2,"minecraft:wheat_seeds":7,"minecraft:raw_gold":28,"minecraft:bell":1,"minecraft:spore_blossom":4,"minecraft:stone_pickaxe":4,"minecraft:iron_ingot":10,"minecraft:moss_block":250,"minecraft:flowering_azalea":15,"minecraft:pumpkin":14,"minecraft:sweet_berries":204,"minecraft:dandelion":1,"minecraft:gravel":52,"minecraft:stripped_spruce_log":25,"minecraft:spruce_sapling":43,"minecraft:spruce_log":31,"minecraft:stone_axe":1,"minecraft:diamond":17,"minecraft:spruce_boat":4,"minecraft:iron_helmet":1,"minecraft:oak_sapling":15},"minecraft:custom":{"minecraft:mob_kills":19,"minecraft:interact_with_crafting_table":14,"minecraft:leave_game":5,"minecraft:time_since_death":202029,"minecraft:climb_one_cm":719,"minecraft:sprint_one_cm":259273,"minecraft:walk_one_cm":891997,"minecraft:damage_blocked_by_shield":20,"minecraft:drop":55,"minecraft:play_time":310521,"minecraft:deaths":4,"minecraft:sneak_time":10312,"minecraft:walk_under_water_one_cm":46198,"minecraft:boat_one_cm":458933,"minecraft:jump":3536,"minecraft:walk_on_water_one_cm":97433,"minecraft:total_world_time":310521,"minecraft:interact_with_furnace":2,"minecraft:sleep_in_bed":7,"minecraft:time_since_rest":13297,"minecraft:damage_taken":2808,"minecraft:damage_dealt":3595,"minecraft:swim_one_cm":23878,"minecraft:fly_one_cm":490806,"minecraft:open_chest":15,"minecraft:crouch_one_cm":27827,"minecraft:fall_one_cm":68083},"minecraft:broken":{"minecraft:stone_sword":1,"minecraft:stone_axe":1},"minecraft:mined":{"minecraft:tuff":3,"minecraft:spruce_planks":12,"minecraft:oak_sapling":1,"minecraft:deepslate_diamond_ore":13,"minecraft:glow_lichen":1,"minecraft:cave_vines_plant":15,"minecraft:grass_block":190,"minecraft:spruce_leaves":41,"minecraft:moss_block":121,"minecraft:large_fern":4,"minecraft:spore_blossom":4,"minecraft:furnace":2,"minecraft:iron_ore":1,"minecraft:cobbled_deepslate":2,"minecraft:stripped_spruce_log":25,"minecraft:moss_carpet":13,"minecraft:pumpkin":14,"minecraft:big_dripleaf_stem":2,"minecraft:bell":1,"minecraft:dirt_path":2,"minecraft:vine":4,"minecraft:cave_vines":31,"minecraft:deepslate_iron_ore":20,"minecraft:rail":2,"minecraft:lantern":8,"minecraft:stripped_oak_log":111,"minecraft:azalea":4,"minecraft:stone":107,"minecraft:deepslate_redstone_ore":17,"minecraft:flowering_azalea":12,"minecraft:dandelion":1,"minecraft:oak_fence":2,"minecraft:clay":29,"minecraft:crafting_table":2,"minecraft:short_grass":20,"minecraft:chest":2,"minecraft:glass":18,"minecraft:tall_grass":6,"minecraft:copper_ore":4,"minecraft:cobblestone":5,"minecraft:deepslate_gold_ore":24,"minecraft:sugar_cane":1,"minecraft:blue_bed":2,"minecraft:big_dripleaf":2,"minecraft:chain":17,"minecraft:birch_log":21,"minecraft:sweet_berry_bush":22,"minecraft:spruce_log":19,"minecraft:birch_leaves":4,"minecraft:oak_log":94,"minecraft:gravel":63,"minecraft:dirt":100,"minecraft:oak_leaves":120,"minecraft:deepslate":52,"minecraft:fern":4},"minecraft:killed":{"minecraft:spider":3,"minecraft:skeleton":2,"minecraft:drowned":2,"minecraft:wolf":1,"minecraft:zombie":6},"minecraft:used":{"minecraft:oak_fence":19,"minecraft:moss_block":8,"minecraft:stone_sword":84,"minecraft:spruce_planks":4,"minecraft:chest":2,"minecraft:shield":1,"minecraft:iron_sword":42,"minecraft:rotten_flesh":2,"minecraft:dirt":309,"minecraft:snowball":25,"minecraft:stripped_spruce_log":16,"minecraft:spruce_boat":4,"minecraft:wooden_axe":19,"minecraft:iron_helmet":1,"minecraft:sweet_berries":111,"minecraft:furnace":2,"minecraft:egg":1,"minecraft:cooked_beef":8,"minecraft:cobbled_deepslate":45,"minecraft:iron_leggings":1,"minecraft:spruce_door":2,"minecraft:stone_pickaxe":72,"minecraft:wooden_pickaxe":18,"minecraft:diamond_axe":406,"minecraft:blue_bed":1,"minecraft:glow_berries":28,"minecraft:crafting_table":2,"minecraft:spruce_log":25,"minecraft:oak_log":49,"minecraft:apple":1,"minecraft:diamond_shovel":252,"minecraft:iron_pickaxe":269,"minecraft:spruce_sapling":1,"minecraft:gravel":3,"minecraft:stone_axe":82,"minecraft:cobblestone":5,"minecraft:stripped_oak_log":107,"minecraft:bone_meal":1},"minecraft:dropped":{"minecraft:wheat_seeds":2,"minecraft:glow_ink_sac":1,"minecraft:diamond":4,"minecraft:torch":1,"minecraft:string":4,"minecraft:dandelion":1,"minecraft:bone":4,"minecraft:sweet_berries":32,"minecraft:sugar_cane":3,"minecraft:rotten_flesh":3,"minecraft:clay_ball":50,"minecraft:arrow":2,"minecraft:wooden_pickaxe":2},"minecraft:killed_by":{"minecraft:creeper":1,"minecraft:skeleton":1,"minecraft:zombie":2}},"DataVersion":3955}