{"stats":{"minecraft:broken":{"minecraft:stone_sword":1,"minecraft:stone_axe":1},"minecraft:mined":{"minecraft:purple_glazed_terracotta":4,"minecraft:tuff":3,"minecraft:spruce_planks":23,"minecraft:oak_sapling":1,"minecraft:deepslate_diamond_ore":13,"minecraft:sea_lantern":2,"minecraft:spruce_trapdoor":12,"minecraft:glow_lichen":1,"minecraft:cave_vines_plant":15,"minecraft:grass_block":243,"minecraft:spruce_leaves":47,"minecraft:red_mushroom":1,"minecraft:moss_block":121,"minecraft:large_fern":4,"minecraft:spore_blossom":4,"minecraft:furnace":3,"minecraft:iron_ore":2,"minecraft:cobbled_deepslate":2,"minecraft:stripped_spruce_log":28,"minecraft:pumpkin":14,"minecraft:moss_carpet":13,"minecraft:peony":13,"minecraft:big_dripleaf_stem":2,"minecraft:bell":1,"minecraft:deepslate_iron_ore":20,"minecraft:cave_vines":31,"minecraft:vine":4,"minecraft:dirt_path":2,"minecraft:rail":2,"minecraft:lantern":8,"minecraft:stripped_oak_log":207,"minecraft:azalea":4,"minecraft:stone":492,"minecraft:spruce_slab":16,"minecraft:deepslate_redstone_ore":17,"minecraft:brown_mushroom":7,"minecraft:flowering_azalea":12,"minecraft:spruce_door":8,"minecraft:dandelion":10,"minecraft:oak_fence":4,"minecraft:clay":29,"minecraft:crafting_table":2,"minecraft:torch":1,"minecraft:short_grass":27,"minecraft:poppy":13,"minecraft:chest":2,"minecraft:glass":18,"minecraft:tall_grass":6,"minecraft:copper_ore":4,"minecraft:cobblestone":5,"minecraft:deepslate_gold_ore":24,"minecraft:prismarine":3,"minecraft:sugar_cane":4,"minecraft:wall_torch":2,"minecraft:blue_bed":2,"minecraft:big_dripleaf":2,"minecraft:seagrass":2,"minecraft:spruce_stairs":17,"minecraft:chain":17,"minecraft:birch_log":21,"minecraft:sweet_berry_bush":22,"minecraft:lilac":7,"minecraft:spruce_log":26,"minecraft:birch_leaves":4,"minecraft:oak_log":289,"minecraft:sand":5,"minecraft:gravel":134,"minecraft:dirt":343,"minecraft:cracked_stone_bricks":1,"minecraft:mossy_stone_bricks":1,"minecraft:oak_leaves":220,"minecraft:deepslate":52,"minecraft:fern":5,"minecraft:suspicious_gravel":1},"minecraft:killed_by":{"minecraft:creeper":1,"minecraft:skeleton":1,"minecraft:zombie":2},"minecraft:custom":{"minecraft:mob_kills":35,"minecraft:interact_with_crafting_table":35,"minecraft:leave_game":5,"minecraft:time_since_death":356044,"minecraft:climb_one_cm":719,"minecraft:sprint_one_cm":405228,"minecraft:walk_one_cm":1402518,"minecraft:damage_blocked_by_shield":2540,"minecraft:drop":59,"minecraft:play_time":464536,"minecraft:deaths":4,"minecraft:sneak_time":14628,"minecraft:walk_under_water_one_cm":90249,"minecraft:boat_one_cm":556348,"minecraft:jump":4474,"minecraft:walk_on_water_one_cm":129757,"minecraft:total_world_time":464536,"minecraft:interact_with_furnace":10,"minecraft:sleep_in_bed":10,"minecraft:time_since_rest":50009,"minecraft:damage_taken":3702,"minecraft:damage_dealt":6194,"minecraft:swim_one_cm":142665,"minecraft:fly_one_cm":602605,"minecraft:open_chest":37,"minecraft:crouch_one_cm":32276,"minecraft:fall_one_cm":81067},"minecraft:used":{"minecraft:oak_fence":24,"minecraft:moss_block":8,"minecraft:stone_sword":84,"minecraft:spruce_slab":31,"minecraft:chest":3,"minecraft:spruce_planks":25,"minecraft:shield":61,"minecraft:iron_sword":67,"minecraft:rotten_flesh":2,"minecraft:torch":4,"minecraft:dirt":499,"minecraft:spruce_stairs":31,"minecraft:snowball":25,"minecraft:stripped_spruce_log":19,"minecraft:spruce_boat":5,"minecraft:wooden_axe":19,"minecraft:iron_helmet":1,"minecraft:sweet_berries":128,"minecraft:furnace":2,"minecraft:egg":1,"minecraft:cooked_beef":14,"minecraft:cobbled_deepslate":45,"minecraft:iron_leggings":1,"minecraft:cooked_mutton":3,"minecraft:spruce_door":13,"minecraft:stone_pickaxe":72,"minecraft:wooden_pickaxe":18,"minecraft:blue_bed":1,"minecraft:diamond_axe":1004,"minecraft:glow_berries":32,"minecraft:sand":1,"minecraft:crafting_table":3,"minecraft:spruce_log":40,"minecraft:oak_log":215,"minecraft:diamond_pickaxe":329,"minecraft:apple":3,"minecraft:diamond_shovel":661,"minecraft:iron_pickaxe":345,"minecraft:spruce_trapdoor":14,"minecraft:spruce_sapling":1,"minecraft:gravel":3,"minecraft:stone_axe":82,"minecraft:cobblestone":5,"minecraft:stripped_oak_log":201,"minecraft:bone_meal":1},"minecraft:dropped":{"minecraft:wheat_seeds":5,"minecraft:glow_ink_sac":1,"minecraft:diamond":4,"minecraft:leather":3,"minecraft:torch":1,"minecraft:sand":4,"minecraft:string":4,"minecraft:dandelion":1,"minecraft:bone":4,"minecraft:gravel":44,"minecraft:sweet_berries":32,"minecraft:sugar_cane":3,"minecraft:rotten_flesh":3,"minecraft:clay_ball":50,"minecraft:arrow":2,"minecraft:wooden_pickaxe":2},"minecraft:crafted":{"minecraft:oak_planks":56,"minecraft:furnace":1,"minecraft:bone_meal":18,"minecraft:diamond_shovel":1,"minecraft:cooked_mutton":3,"minecraft:spruce_stairs":20,"minecraft:spruce_slab":18,"minecraft:stone_pickaxe":4,"minecraft:chest":3,"minecraft:spruce_boat":1,"minecraft:oak_fence":21,"minecraft:cooked_beef":3,"minecraft:spruce_sign":3,"minecraft:diamond_axe":1,"minecraft:crafting_table":1,"minecraft:spruce_planks":112,"minecraft:spruce_door":6,"minecraft:air":0,"minecraft:spruce_trapdoor":4,"minecraft:diamond_pickaxe":2,"minecraft:stick":20,"minecraft:iron_ingot":4,"minecraft:iron_pickaxe":1,"minecraft:stone_sword":1},"minecraft:picked_up":{"minecraft:wooden_axe":2,"minecraft:iron_chestplate":1,"minecraft:crafting_table":4,"minecraft:clay_ball":220,"minecraft:brown_mushroom":7,"minecraft:wooden_pickaxe":5,"minecraft:chain":34,"minecraft:moss_carpet":45,"minecraft:string":7,"minecraft:raw_copper":20,"minecraft:iron_leggings":1,"minecraft:cracked_stone_bricks":1,"minecraft:cobbled_deepslate":80,"minecraft:spruce_planks":32,"minecraft:beef":3,"minecraft:azalea":9,"minecraft:poppy":13,"minecraft:spruce_slab":19,"minecraft:iron_pickaxe":2,"minecraft:sugar_cane":8,"minecraft:chest":2,"minecraft:birch_sapling":2,"minecraft:spruce_trapdoor":12,"minecraft:iron_boots":1,"minecraft:egg":2,"minecraft:furnace":3,"minecraft:sandstone":2,"minecraft:raw_iron":28,"minecraft:stick":64,"minecraft:copper_ingot":1,"minecraft:big_dripleaf":15,"minecraft:oak_fence":4,"minecraft:torch":5,"minecraft:spruce_stairs":17,"minecraft:redstone":63,"minecraft:prismarine_crystals":5,"minecraft:rotten_flesh":21,"minecraft:arrow":2,"minecraft:tropical_fish":2,"minecraft:peony":13,"minecraft:mutton":3,"minecraft:white_wool":2,"minecraft:glow_berries":67,"minecraft:snowball":25,"minecraft:rail":2,"minecraft:cobblestone":503,"minecraft:stripped_oak_log":204,"minecraft:birch_log":21,"minecraft:lilac":7,"minecraft:cooked_beef":14,"minecraft:glow_ink_sac":2,"minecraft:leather":3,"minecraft:red_mushroom":1,"minecraft:flint":15,"minecraft:tuff":1,"minecraft:oak_log":286,"minecraft:blue_bed":2,"minecraft:dirt":636,"minecraft:lantern":8,"minecraft:bone":15,"minecraft:apple":3,"minecraft:kelp":5,"minecraft:bow":1,"minecraft:wheat_seeds":10,"minecraft:raw_gold":28,"minecraft:stone_pickaxe":4,"minecraft:bell":1,"minecraft:spore_blossom":4,"minecraft:iron_ingot":10,"minecraft:moss_block":250,"minecraft:prismarine":2,"minecraft:flowering_azalea":15,"minecraft:pumpkin":14,"minecraft:sweet_berries":204,"minecraft:dandelion":10,"minecraft:gravel":115,"minecraft:sand":6,"minecraft:stripped_spruce_log":28,"minecraft:spruce_sapling":43,"minecraft:ink_sac":3,"minecraft:spruce_log":38,"minecraft:spruce_door":7,"minecraft:purple_glazed_terracotta":4,"minecraft:stone_axe":1,"minecraft:diamond":17,"minecraft:spruce_boat":4,"minecraft:iron_helmet":1,"minecraft:oak_sapling":47},"minecraft:killed":{"minecraft:spider":3,"minecraft:skeleton":5,"minecraft:drowned":7,"minecraft:wolf":1,"minecraft:squid":2,"minecraft:sheep":2,"minecraft:zombie":8,"minecraft:cow":2}},"DataVersion":3955}