{"stats":{"minecraft:broken":{"minecraft:golden_helmet":1,"minecraft:golden_boots":1,"minecraft:diamond_shovel":1,"minecraft:stone_axe":1,"minecraft:iron_sword":1,"minecraft:stone_sword":1},"minecraft:mined":{"minecraft:waxed_cut_copper_slab":2,"minecraft:spruce_planks":39,"minecraft:oak_sapling":1,"minecraft:mossy_stone_brick_slab":20,"minecraft:cave_vines_plant":15,"minecraft:spruce_trapdoor":12,"minecraft:granite":1,"minecraft:grass_block":406,"minecraft:stone_brick_wall":19,"minecraft:chiseled_tuff_bricks":5,"minecraft:mud_brick_wall":2,"minecraft:mud_bricks":261,"minecraft:tuff_bricks":10,"minecraft:tall_seagrass":1,"minecraft:iron_ore":2,"minecraft:fire":1,"minecraft:cobbled_deepslate":4,"minecraft:polished_tuff":2,"minecraft:waxed_oxidized_copper_bulb":1,"minecraft:pumpkin":22,"minecraft:moss_carpet":16,"minecraft:deepslate_lapis_ore":10,"minecraft:cave_vines":31,"minecraft:dirt_path":22,"minecraft:polished_tuff_slab":2,"minecraft:azalea":6,"minecraft:spruce_slab":29,"minecraft:waxed_cut_copper":3,"minecraft:deepslate_redstone_ore":29,"minecraft:gray_terracotta":29,"minecraft:brown_mushroom":7,"minecraft:orange_terracotta":11,"minecraft:powder_snow":50,"minecraft:clay":29,"minecraft:torch":1,"minecraft:light_gray_terracotta":8,"minecraft:poppy":13,"minecraft:mud_brick_stairs":11,"minecraft:chest":2,"minecraft:glass":18,"minecraft:cobblestone":11,"minecraft:sugar_cane":4,"minecraft:prismarine":3,"minecraft:oak_planks":58,"minecraft:bricks":13,"minecraft:wall_torch":2,"minecraft:seagrass":2,"minecraft:white_terracotta":6,"minecraft:chain":17,"minecraft:waxed_copper_bulb":4,"minecraft:red_candle":4,"minecraft:blue_terracotta":47,"minecraft:mud":5,"minecraft:birch_log":21,"minecraft:lilac":7,"minecraft:waxed_copper_block":5,"minecraft:oak_log":293,"minecraft:waxed_oxidized_copper_door":1,"minecraft:sand":14,"minecraft:dirt":889,"minecraft:oak_leaves":270,"minecraft:deepslate":84,"minecraft:suspicious_gravel":4,"minecraft:purple_glazed_terracotta":4,"minecraft:tuff":5,"minecraft:candle":14,"minecraft:mossy_cobblestone":7,"minecraft:oak_door":1,"minecraft:deepslate_diamond_ore":19,"minecraft:sea_lantern":2,"minecraft:waxed_oxidized_chiseled_copper":1,"minecraft:glow_lichen":2,"minecraft:spruce_fence":24,"minecraft:decorated_pot":22,"minecraft:brick_stairs":5,"minecraft:spruce_leaves":62,"minecraft:red_mushroom":1,"minecraft:moss_block":130,"minecraft:sandstone":2,"minecraft:large_fern":4,"minecraft:spore_blossom":4,"minecraft:waxed_oxidized_cut_copper":1,"minecraft:furnace":3,"minecraft:packed_mud":43,"minecraft:black_glazed_terracotta":18,"minecraft:andesite":32,"minecraft:stripped_spruce_log":28,"minecraft:peony":13,"minecraft:big_dripleaf_stem":2,"minecraft:bell":1,"minecraft:deepslate_iron_ore":21,"minecraft:vine":4,"minecraft:rail":5,"minecraft:lantern":12,"minecraft:stripped_oak_log":207,"minecraft:waxed_weathered_copper_bulb":3,"minecraft:stone":814,"minecraft:orange_glazed_terracotta":13,"minecraft:waxed_exposed_copper_bulb":1,"minecraft:mud_brick_slab":1,"minecraft:flowering_azalea":13,"minecraft:lily_of_the_valley":16,"minecraft:spruce_door":8,"minecraft:dandelion":12,"minecraft:oak_fence":4,"minecraft:crafting_table":2,"minecraft:short_grass":29,"minecraft:rose_bush":9,"minecraft:tall_grass":9,"minecraft:copper_ore":4,"minecraft:red_glazed_terracotta":2,"minecraft:deepslate_gold_ore":31,"minecraft:diorite":3,"minecraft:blue_bed":2,"minecraft:big_dripleaf":4,"minecraft:spruce_stairs":45,"minecraft:red_terracotta":28,"minecraft:brick_slab":1,"minecraft:coarse_dirt":43,"minecraft:waxed_oxidized_copper_grate":4,"minecraft:sweet_berry_bush":23,"minecraft:spruce_log":107,"minecraft:birch_leaves":4,"minecraft:coal_ore":63,"minecraft:flower_pot":2,"minecraft:gravel":487,"minecraft:cobweb":15,"minecraft:cracked_stone_bricks":2,"minecraft:stone_bricks":23,"minecraft:small_dripleaf":1,"minecraft:mossy_stone_bricks":10,"minecraft:gold_ore":2,"minecraft:fern":5},"minecraft:killed_by":{"minecraft:creeper":1,"minecraft:bogged":1,"minecraft:zombie":3,"minecraft:player":1,"minecraft:skeleton":1},"minecraft:custom":{"minecraft:open_barrel":23,"minecraft:interact_with_crafting_table":41,"minecraft:leave_game":9,"minecraft:time_since_death":31152,"minecraft:sprint_one_cm":873216,"minecraft:damage_blocked_by_shield":3449,"minecraft:drop":132,"minecraft:play_time":749451,"minecraft:deaths":9,"minecraft:jump":7221,"minecraft:walk_on_water_one_cm":229903,"minecraft:interact_with_furnace":51,"minecraft:sleep_in_bed":12,"minecraft:damage_dealt":12512,"minecraft:crouch_one_cm":54274,"minecraft:inspect_dispenser":2,"minecraft:mob_kills":144,"minecraft:climb_one_cm":7965,"minecraft:walk_one_cm":2380340,"minecraft:sneak_time":22049,"minecraft:walk_under_water_one_cm":163558,"minecraft:boat_one_cm":895300,"minecraft:total_world_time":749451,"minecraft:interact_with_stonecutter":13,"minecraft:time_since_rest":31190,"minecraft:damage_taken":6892,"minecraft:swim_one_cm":273040,"minecraft:fly_one_cm":869741,"minecraft:open_chest":105,"minecraft:fall_one_cm":126935},"minecraft:used":{"minecraft:moss_block":73,"minecraft:moss_carpet":6,"minecraft:writable_book":1,"minecraft:spruce_slab":31,"minecraft:chest":8,"minecraft:shield":182,"minecraft:iron_sword":243,"minecraft:mossy_stone_brick_slab":42,"minecraft:rotten_flesh":4,"minecraft:carrot":3,"minecraft:waxed_copper_grate":2,"minecraft:snowball":25,"minecraft:stripped_spruce_log":19,"minecraft:big_dripleaf":4,"minecraft:spruce_boat":5,"minecraft:lantern":17,"minecraft:iron_helmet":1,"minecraft:stone_bricks":112,"minecraft:bow":30,"minecraft:sweet_berries":139,"minecraft:furnace":2,"minecraft:egg":1,"minecraft:mossy_stone_bricks":36,"minecraft:spruce_door":13,"minecraft:stone_pickaxe":72,"minecraft:wooden_pickaxe":18,"minecraft:blue_bed":1,"minecraft:diamond_axe":1319,"minecraft:oak_leaves":16,"minecraft:glow_berries":32,"minecraft:sand":1,"minecraft:stone_brick_wall":62,"minecraft:shears":36,"minecraft:gravel":3,"minecraft:coarse_dirt":32,"minecraft:bone_meal":1,"minecraft:azalea":2,"minecraft:oak_fence":24,"minecraft:stone_sword":84,"minecraft:spruce_planks":25,"minecraft:trial_key":3,"minecraft:oak_door":1,"minecraft:torch":21,"minecraft:dirt":688,"minecraft:spruce_stairs":31,"minecraft:spruce_fence":24,"minecraft:small_dripleaf":3,"minecraft:wooden_axe":19,"minecraft:flowering_azalea":4,"minecraft:golden_carrot":1,"minecraft:cooked_beef":34,"minecraft:cobbled_deepslate":52,"minecraft:bamboo_planks":6,"minecraft:iron_leggings":1,"minecraft:cooked_mutton":3,"minecraft:baked_potato":4,"minecraft:spruce_sign":1,"minecraft:mossy_cobblestone":29,"minecraft:crafting_table":3,"minecraft:spruce_log":40,"minecraft:oak_log":215,"minecraft:gray_terracotta":29,"minecraft:diamond_pickaxe":1524,"minecraft:apple":3,"minecraft:diamond_shovel":1857,"minecraft:iron_pickaxe":345,"minecraft:spruce_trapdoor":14,"minecraft:spruce_sapling":1,"minecraft:stone_axe":82,"minecraft:cobblestone":60,"minecraft:potion":1,"minecraft:stripped_oak_log":201},"minecraft:dropped":{"minecraft:oak_log":5,"minecraft:glow_ink_sac":1,"minecraft:glass_bottle":1,"minecraft:ender_pearl":1,"minecraft:diamond":4,"minecraft:leather":3,"minecraft:waxed_oxidized_copper_bulb":1,"minecraft:red_mushroom":1,"minecraft:flint":1,"minecraft:sand":7,"minecraft:bone":5,"minecraft:waxed_cut_copper_slab":4,"minecraft:gravel":124,"minecraft:sugar_cane":8,"minecraft:chiseled_tuff_bricks":4,"minecraft:rotten_flesh":12,"minecraft:waxed_copper_block":11,"minecraft:poppy":9,"minecraft:ladder":1,"minecraft:arrow":3,"minecraft:iron_ingot":8,"minecraft:wheat_seeds":5,"minecraft:lilac":3,"minecraft:iron_helmet":1,"minecraft:polished_tuff":1,"minecraft:copper_ingot":1,"minecraft:grass_block":1,"minecraft:stick":24,"minecraft:torch":1,"minecraft:waxed_weathered_copper_bulb":3,"minecraft:wooden_axe":1,"minecraft:rose_bush":18,"minecraft:waxed_copper_bulb":4,"minecraft:potion":2,"minecraft:string":48,"minecraft:spruce_sapling":6,"minecraft:dandelion":1,"minecraft:bricks":2,"minecraft:tuff_bricks":15,"minecraft:sweet_berries":32,"minecraft:coarse_dirt":3,"minecraft:clay_ball":50,"minecraft:lily_of_the_valley":16,"minecraft:filled_map":1,"minecraft:peony":14,"minecraft:oak_sapling":4,"minecraft:spider_eye":1,"minecraft:stone_bricks":2,"minecraft:bow":1,"minecraft:waxed_exposed_copper_bulb":2,"minecraft:wooden_pickaxe":2,"minecraft:waxed_oxidized_copper_grate":2},"minecraft:crafted":{"minecraft:oak_planks":56,"minecraft:mossy_stone_brick_slab":50,"minecraft:stone":203,"minecraft:diamond_shovel":1,"minecraft:cooked_mutton":3,"minecraft:stone_brick_slab":10,"minecraft:chest":5,"minecraft:oak_fence":21,"minecraft:stone_bricks":75,"minecraft:diamond_axe":1,"minecraft:crafting_table":1,"minecraft:spruce_planks":148,"minecraft:spruce_door":6,"minecraft:mossy_cobblestone":26,"minecraft:spruce_trapdoor":4,"minecraft:diamond_pickaxe":2,"minecraft:stick":28,"minecraft:iron_ingot":4,"minecraft:iron_pickaxe":1,"minecraft:stone_sword":1,"minecraft:stone_brick_wall":49,"minecraft:mossy_stone_bricks":52,"minecraft:furnace":1,"minecraft:bone_meal":18,"minecraft:spruce_fence":24,"minecraft:spruce_stairs":20,"minecraft:spruce_slab":18,"minecraft:stone_pickaxe":4,"minecraft:spruce_boat":1,"minecraft:cooked_beef":3,"minecraft:spruce_sign":3,"minecraft:air":0,"minecraft:writable_book":2},"minecraft:picked_up":{"minecraft:wooden_axe":3,"minecraft:iron_chestplate":2,"minecraft:wheat":2,"minecraft:flower_pot":1,"minecraft:lead":1,"minecraft:potion":3,"minecraft:enchanted_book":2,"minecraft:waxed_cut_copper_slab":8,"minecraft:string":95,"minecraft:raw_copper":20,"minecraft:red_candle":14,"minecraft:orange_glazed_terracotta":13,"minecraft:iron_leggings":3,"minecraft:cobbled_deepslate":114,"minecraft:black_glazed_terracotta":14,"minecraft:spruce_planks":48,"minecraft:trial_key":4,"minecraft:waxed_oxidized_copper_door":1,"minecraft:rose_bush":27,"minecraft:azalea":11,"minecraft:iron_pickaxe":6,"minecraft:iron_boots":2,"minecraft:furnace":3,"minecraft:tipped_arrow":14,"minecraft:golden_helmet":3,"minecraft:stick":97,"minecraft:big_dripleaf":17,"minecraft:oak_fence":4,"minecraft:torch":43,"minecraft:spruce_stairs":45,"minecraft:waxed_weathered_copper_bulb":3,"minecraft:waxed_copper_grate":5,"minecraft:diorite":7,"minecraft:rotten_flesh":49,"minecraft:tropical_fish":2,"minecraft:white_terracotta":6,"minecraft:waxed_cut_copper":3,"minecraft:snowball":25,"minecraft:cobblestone":943,"minecraft:birch_log":21,"minecraft:cooked_beef":47,"minecraft:feather":3,"minecraft:lilac":10,"minecraft:andesite":24,"minecraft:mud_brick_stairs":11,"minecraft:flint":43,"minecraft:tuff":15,"minecraft:lapis_lazuli":266,"minecraft:lantern":28,"minecraft:dirt":1358,"minecraft:bone":44,"minecraft:gray_terracotta":35,"minecraft:bow":3,"minecraft:wheat_seeds":10,"minecraft:raw_gold":49,"minecraft:bell":1,"minecraft:mossy_stone_bricks":9,"minecraft:powered_rail":6,"minecraft:moss_block":321,"minecraft:prismarine":2,"minecraft:oak_planks":58,"minecraft:waxed_oxidized_copper_bulb":1,"minecraft:sand":16,"minecraft:stripped_spruce_log":28,"minecraft:ink_sac":3,"minecraft:grass_block":2,"minecraft:lily_of_the_valley":32,"minecraft:red_terracotta":40,"minecraft:mossy_cobblestone":7,"minecraft:light_gray_terracotta":11,"minecraft:blue_terracotta":46,"minecraft:diamond":26,"minecraft:spruce_boat":4,"minecraft:writable_book":1,"minecraft:waxed_oxidized_copper_grate":2,"minecraft:emerald":40,"minecraft:oak_sapling":54,"minecraft:bricks":17,"minecraft:oak_leaves":36,"minecraft:diamond_pickaxe":4,"minecraft:mud":5,"minecraft:crafting_table":4,"minecraft:coarse_dirt":42,"minecraft:ladder":1,"minecraft:clay_ball":220,"minecraft:brown_mushroom":12,"minecraft:wooden_pickaxe":5,"minecraft:stone_brick_wall":19,"minecraft:chain":34,"minecraft:brick":77,"minecraft:shield":3,"minecraft:wind_charge":17,"minecraft:moss_carpet":48,"minecraft:iron_axe":1,"minecraft:cracked_stone_bricks":1,"minecraft:candle":72,"minecraft:beef":3,"minecraft:spruce_slab":33,"minecraft:poppy":22,"minecraft:guster_pottery_sherd":1,"minecraft:sugar_cane":8,"minecraft:chest":5,"minecraft:birch_sapling":2,"minecraft:spruce_trapdoor":12,"minecraft:egg":2,"minecraft:raw_iron":29,"minecraft:sandstone":3,"minecraft:oak_door":4,"minecraft:bamboo_hanging_sign":9,"minecraft:copper_ingot":2,"minecraft:spruce_fence":24,"minecraft:flow_pottery_sherd":2,"minecraft:carrot":3,"minecraft:redstone":201,"minecraft:prismarine_crystals":5,"minecraft:diamond_chestplate":1,"minecraft:arrow":88,"minecraft:decorated_pot":13,"minecraft:beetroot_seeds":8,"minecraft:peony":27,"minecraft:shears":1,"minecraft:gold_ingot":2,"minecraft:tuff_bricks":25,"minecraft:brick_stairs":5,"minecraft:mutton":3,"minecraft:glow_berries":67,"minecraft:white_wool":2,"minecraft:rail":69,"minecraft:stripped_oak_log":204,"minecraft:mud_bricks":256,"minecraft:golden_carrot":1,"minecraft:glow_ink_sac":11,"minecraft:leather":3,"minecraft:red_mushroom":2,"minecraft:filled_map":1,"minecraft:packed_mud":43,"minecraft:waxed_copper_bulb":4,"minecraft:oak_log":296,"minecraft:waxed_copper_block":11,"minecraft:golden_boots":1,"minecraft:blue_bed":2,"minecraft:orange_terracotta":10,"minecraft:apple":3,"minecraft:stone_bricks":19,"minecraft:kelp":6,"minecraft:spore_blossom":4,"minecraft:stone_pickaxe":4,"minecraft:iron_ingot":33,"minecraft:cooked_chicken":3,"minecraft:glass_bottle":1,"minecraft:flowering_azalea":16,"minecraft:iron_sword":3,"minecraft:scaffolding":42,"minecraft:bamboo_planks":6,"minecraft:pumpkin":29,"minecraft:sweet_berries":205,"minecraft:waxed_exposed_copper_bulb":3,"minecraft:dandelion":17,"minecraft:gravel":273,"minecraft:spruce_sapling":55,"minecraft:spruce_log":207,"minecraft:polished_tuff":1,"minecraft:spider_eye":1,"minecraft:mossy_stone_brick_slab":20,"minecraft:spruce_door":7,"minecraft:diamond_shovel":4,"minecraft:slime_ball":202,"minecraft:purple_glazed_terracotta":4,"minecraft:stone_axe":1,"minecraft:iron_helmet":3,"minecraft:diamond_axe":3,"minecraft:baked_potato":6,"minecraft:chiseled_tuff_bricks":4,"minecraft:coal":191,"minecraft:ender_pearl":6},"minecraft:killed":{"minecraft:spider":8,"minecraft:skeleton":9,"minecraft:chicken":3,"minecraft:silverfish":2,"minecraft:wolf":1,"minecraft:sheep":2,"minecraft:zombie":21,"minecraft:glow_squid":2,"minecraft:cow":2,"minecraft:bogged":2,"minecraft:slime":75,"minecraft:drowned":9,"minecraft:squid":2,"minecraft:enderman":1}},"DataVersion":3955}