{"stats":{"minecraft:broken":{"minecraft:stone_sword":1,"minecraft:stone_axe":1},"minecraft:mined":{"minecraft:tuff":3,"minecraft:spruce_planks":23,"minecraft:oak_sapling":1,"minecraft:deepslate_diamond_ore":13,"minecraft:spruce_trapdoor":12,"minecraft:glow_lichen":1,"minecraft:cave_vines_plant":15,"minecraft:grass_block":243,"minecraft:spruce_leaves":41,"minecraft:red_mushroom":1,"minecraft:moss_block":121,"minecraft:large_fern":4,"minecraft:spore_blossom":4,"minecraft:furnace":3,"minecraft:iron_ore":2,"minecraft:cobbled_deepslate":2,"minecraft:stripped_spruce_log":28,"minecraft:pumpkin":14,"minecraft:moss_carpet":13,"minecraft:big_dripleaf_stem":2,"minecraft:bell":1,"minecraft:deepslate_iron_ore":20,"minecraft:cave_vines":31,"minecraft:vine":4,"minecraft:dirt_path":2,"minecraft:rail":2,"minecraft:lantern":8,"minecraft:stripped_oak_log":207,"minecraft:azalea":4,"minecraft:stone":492,"minecraft:spruce_slab":16,"minecraft:deepslate_redstone_ore":17,"minecraft:brown_mushroom":1,"minecraft:flowering_azalea":12,"minecraft:spruce_door":8,"minecraft:dandelion":9,"minecraft:oak_fence":4,"minecraft:clay":29,"minecraft:crafting_table":2,"minecraft:torch":1,"minecraft:short_grass":27,"minecraft:poppy":12,"minecraft:chest":2,"minecraft:glass":18,"minecraft:tall_grass":6,"minecraft:copper_ore":4,"minecraft:cobblestone":5,"minecraft:deepslate_gold_ore":24,"minecraft:sugar_cane":1,"minecraft:wall_torch":2,"minecraft:blue_bed":2,"minecraft:big_dripleaf":2,"minecraft:spruce_stairs":17,"minecraft:chain":17,"minecraft:birch_log":21,"minecraft:sweet_berry_bush":22,"minecraft:lilac":7,"minecraft:spruce_log":26,"minecraft:birch_leaves":4,"minecraft:oak_log":289,"minecraft:sand":3,"minecraft:gravel":130,"minecraft:dirt":343,"minecraft:oak_leaves":220,"minecraft:deepslate":52,"minecraft:fern":4},"minecraft:killed_by":{"minecraft:creeper":1,"minecraft:skeleton":1,"minecraft:zombie":2},"minecraft:custom":{"minecraft:mob_kills":21,"minecraft:interact_with_crafting_table":26,"minecraft:leave_game":5,"minecraft:time_since_death":320044,"minecraft:climb_one_cm":719,"minecraft:sprint_one_cm":359247,"minecraft:walk_one_cm":1351996,"minecraft:damage_blocked_by_shield":20,"minecraft:drop":57,"minecraft:play_time":428536,"minecraft:deaths":4,"minecraft:sneak_time":12299,"minecraft:walk_under_water_one_cm":47066,"minecraft:boat_one_cm":458933,"minecraft:jump":4182,"minecraft:walk_on_water_one_cm":101668,"minecraft:total_world_time":428536,"minecraft:interact_with_furnace":6,"minecraft:sleep_in_bed":10,"minecraft:time_since_rest":14009,"minecraft:damage_taken":2927,"minecraft:damage_dealt":3828,"minecraft:swim_one_cm":36765,"minecraft:fly_one_cm":561708,"minecraft:open_chest":22,"minecraft:crouch_one_cm":32276,"minecraft:fall_one_cm":75283},"minecraft:used":{"minecraft:oak_fence":24,"minecraft:moss_block":8,"minecraft:stone_sword":84,"minecraft:spruce_slab":31,"minecraft:chest":2,"minecraft:spruce_planks":25,"minecraft:shield":1,"minecraft:iron_sword":42,"minecraft:rotten_flesh":2,"minecraft:torch":4,"minecraft:dirt":493,"minecraft:spruce_stairs":31,"minecraft:snowball":25,"minecraft:stripped_spruce_log":19,"minecraft:spruce_boat":4,"minecraft:wooden_axe":19,"minecraft:iron_helmet":1,"minecraft:sweet_berries":122,"minecraft:furnace":2,"minecraft:egg":1,"minecraft:cooked_beef":8,"minecraft:cobbled_deepslate":45,"minecraft:iron_leggings":1,"minecraft:spruce_door":13,"minecraft:stone_pickaxe":72,"minecraft:wooden_pickaxe":18,"minecraft:blue_bed":1,"minecraft:diamond_axe":957,"minecraft:glow_berries":32,"minecraft:sand":1,"minecraft:crafting_table":3,"minecraft:spruce_log":40,"minecraft:oak_log":215,"minecraft:diamond_pickaxe":313,"minecraft:apple":1,"minecraft:diamond_shovel":654,"minecraft:iron_pickaxe":345,"minecraft:spruce_trapdoor":14,"minecraft:spruce_sapling":1,"minecraft:gravel":3,"minecraft:stone_axe":82,"minecraft:cobblestone":5,"minecraft:stripped_oak_log":201,"minecraft:bone_meal":1},"minecraft:dropped":{"minecraft:wheat_seeds":5,"minecraft:glow_ink_sac":1,"minecraft:diamond":4,"minecraft:torch":1,"minecraft:sand":4,"minecraft:string":4,"minecraft:dandelion":1,"minecraft:bone":4,"minecraft:sweet_berries":32,"minecraft:sugar_cane":3,"minecraft:rotten_flesh":3,"minecraft:clay_ball":50,"minecraft:arrow":2,"minecraft:wooden_pickaxe":2},"minecraft:crafted":{"minecraft:oak_planks":56,"minecraft:furnace":1,"minecraft:bone_meal":18,"minecraft:diamond_shovel":1,"minecraft:spruce_stairs":20,"minecraft:spruce_slab":18,"minecraft:stone_pickaxe":4,"minecraft:oak_fence":21,"minecraft:diamond_axe":1,"minecraft:crafting_table":1,"minecraft:spruce_planks":76,"minecraft:spruce_door":6,"minecraft:air":0,"minecraft:spruce_trapdoor":4,"minecraft:diamond_pickaxe":2,"minecraft:stick":8,"minecraft:iron_ingot":4,"minecraft:iron_pickaxe":1,"minecraft:stone_sword":1},"minecraft:picked_up":{"minecraft:wooden_axe":2,"minecraft:iron_chestplate":1,"minecraft:crafting_table":4,"minecraft:clay_ball":220,"minecraft:brown_mushroom":1,"minecraft:wooden_pickaxe":5,"minecraft:chain":34,"minecraft:moss_carpet":45,"minecraft:string":7,"minecraft:raw_copper":20,"minecraft:iron_leggings":1,"minecraft:cobbled_deepslate":80,"minecraft:spruce_planks":32,"minecraft:beef":3,"minecraft:azalea":9,"minecraft:poppy":11,"minecraft:spruce_slab":19,"minecraft:iron_pickaxe":2,"minecraft:sugar_cane":3,"minecraft:chest":2,"minecraft:birch_sapling":2,"minecraft:spruce_trapdoor":12,"minecraft:iron_boots":1,"minecraft:egg":1,"minecraft:furnace":3,"minecraft:sandstone":2,"minecraft:raw_iron":28,"minecraft:stick":64,"minecraft:big_dripleaf":15,"minecraft:oak_fence":4,"minecraft:torch":5,"minecraft:spruce_stairs":17,"minecraft:redstone":63,"minecraft:rotten_flesh":16,"minecraft:arrow":2,"minecraft:tropical_fish":2,"minecraft:glow_berries":67,"minecraft:snowball":25,"minecraft:rail":2,"minecraft:cobblestone":503,"minecraft:stripped_oak_log":204,"minecraft:birch_log":21,"minecraft:lilac":7,"minecraft:cooked_beef":14,"minecraft:glow_ink_sac":2,"minecraft:leather":3,"minecraft:red_mushroom":1,"minecraft:flint":15,"minecraft:tuff":1,"minecraft:oak_log":286,"minecraft:blue_bed":2,"minecraft:dirt":635,"minecraft:lantern":8,"minecraft:bone":15,"minecraft:apple":3,"minecraft:wheat_seeds":10,"minecraft:raw_gold":28,"minecraft:stone_pickaxe":4,"minecraft:bell":1,"minecraft:spore_blossom":4,"minecraft:iron_ingot":10,"minecraft:moss_block":250,"minecraft:flowering_azalea":15,"minecraft:pumpkin":14,"minecraft:sweet_berries":204,"minecraft:dandelion":8,"minecraft:gravel":111,"minecraft:sand":5,"minecraft:stripped_spruce_log":28,"minecraft:spruce_sapling":43,"minecraft:spruce_log":38,"minecraft:spruce_door":7,"minecraft:stone_axe":1,"minecraft:diamond":17,"minecraft:spruce_boat":4,"minecraft:iron_helmet":1,"minecraft:oak_sapling":47},"minecraft:killed":{"minecraft:spider":3,"minecraft:skeleton":2,"minecraft:drowned":2,"minecraft:wolf":1,"minecraft:zombie":6,"minecraft:cow":2}},"DataVersion":3955}