{"stats":{"minecraft:broken":{"minecraft:diamond_shovel":1,"minecraft:stone_axe":1,"minecraft:stone_sword":1},"minecraft:mined":{"minecraft:spruce_planks":39,"minecraft:oak_sapling":1,"minecraft:mossy_stone_brick_slab":20,"minecraft:spruce_trapdoor":12,"minecraft:cave_vines_plant":15,"minecraft:granite":1,"minecraft:stone_brick_wall":19,"minecraft:grass_block":406,"minecraft:mud_brick_wall":2,"minecraft:mud_bricks":261,"minecraft:tall_seagrass":1,"minecraft:iron_ore":2,"minecraft:cobbled_deepslate":2,"minecraft:pumpkin":22,"minecraft:moss_carpet":16,"minecraft:cave_vines":31,"minecraft:dirt_path":22,"minecraft:azalea":6,"minecraft:spruce_slab":29,"minecraft:deepslate_redstone_ore":17,"minecraft:gray_terracotta":29,"minecraft:brown_mushroom":7,"minecraft:orange_terracotta":11,"minecraft:clay":29,"minecraft:torch":1,"minecraft:light_gray_terracotta":8,"minecraft:poppy":13,"minecraft:mud_brick_stairs":11,"minecraft:chest":2,"minecraft:glass":18,"minecraft:cobblestone":8,"minecraft:sugar_cane":4,"minecraft:prismarine":3,"minecraft:oak_planks":58,"minecraft:bricks":13,"minecraft:wall_torch":2,"minecraft:seagrass":2,"minecraft:white_terracotta":6,"minecraft:chain":17,"minecraft:blue_terracotta":47,"minecraft:mud":5,"minecraft:birch_log":21,"minecraft:lilac":7,"minecraft:oak_log":293,"minecraft:sand":8,"minecraft:dirt":879,"minecraft:oak_leaves":270,"minecraft:deepslate":52,"minecraft:suspicious_gravel":4,"minecraft:purple_glazed_terracotta":4,"minecraft:tuff":3,"minecraft:mossy_cobblestone":7,"minecraft:deepslate_diamond_ore":13,"minecraft:sea_lantern":2,"minecraft:glow_lichen":1,"minecraft:spruce_fence":24,"minecraft:brick_stairs":5,"minecraft:spruce_leaves":62,"minecraft:red_mushroom":1,"minecraft:moss_block":129,"minecraft:large_fern":4,"minecraft:spore_blossom":4,"minecraft:furnace":3,"minecraft:packed_mud":43,"minecraft:black_glazed_terracotta":18,"minecraft:andesite":8,"minecraft:stripped_spruce_log":28,"minecraft:peony":13,"minecraft:big_dripleaf_stem":2,"minecraft:bell":1,"minecraft:deepslate_iron_ore":20,"minecraft:vine":4,"minecraft:rail":2,"minecraft:lantern":12,"minecraft:stripped_oak_log":207,"minecraft:stone":740,"minecraft:orange_glazed_terracotta":13,"minecraft:mud_brick_slab":1,"minecraft:flowering_azalea":13,"minecraft:lily_of_the_valley":16,"minecraft:spruce_door":8,"minecraft:dandelion":12,"minecraft:oak_fence":4,"minecraft:crafting_table":2,"minecraft:short_grass":29,"minecraft:rose_bush":9,"minecraft:tall_grass":9,"minecraft:copper_ore":4,"minecraft:deepslate_gold_ore":24,"minecraft:blue_bed":2,"minecraft:big_dripleaf":4,"minecraft:spruce_stairs":45,"minecraft:red_terracotta":28,"minecraft:brick_slab":1,"minecraft:coarse_dirt":43,"minecraft:sweet_berry_bush":23,"minecraft:spruce_log":107,"minecraft:birch_leaves":4,"minecraft:gravel":402,"minecraft:cracked_stone_bricks":2,"minecraft:stone_bricks":23,"minecraft:small_dripleaf":1,"minecraft:mossy_stone_bricks":10,"minecraft:fern":5},"minecraft:killed_by":{"minecraft:creeper":1,"minecraft:zombie":2,"minecraft:skeleton":1},"minecraft:custom":{"minecraft:interact_with_crafting_table":40,"minecraft:leave_game":9,"minecraft:time_since_death":128933,"minecraft:sprint_one_cm":673693,"minecraft:damage_blocked_by_shield":3034,"minecraft:drop":93,"minecraft:play_time":642223,"minecraft:deaths":6,"minecraft:jump":6138,"minecraft:walk_on_water_one_cm":199462,"minecraft:interact_with_furnace":51,"minecraft:sleep_in_bed":12,"minecraft:damage_dealt":8111,"minecraft:crouch_one_cm":42316,"minecraft:mob_kills":48,"minecraft:climb_one_cm":719,"minecraft:walk_one_cm":1925941,"minecraft:sneak_time":18519,"minecraft:walk_under_water_one_cm":145943,"minecraft:boat_one_cm":895300,"minecraft:total_world_time":642223,"minecraft:interact_with_stonecutter":13,"minecraft:time_since_rest":19846,"minecraft:damage_taken":4794,"minecraft:swim_one_cm":213330,"minecraft:fly_one_cm":772908,"minecraft:open_chest":74,"minecraft:fall_one_cm":104697},"minecraft:used":{"minecraft:moss_block":73,"minecraft:moss_carpet":6,"minecraft:writable_book":1,"minecraft:spruce_slab":31,"minecraft:chest":6,"minecraft:shield":78,"minecraft:iron_sword":79,"minecraft:mossy_stone_brick_slab":42,"minecraft:rotten_flesh":4,"minecraft:carrot":3,"minecraft:snowball":25,"minecraft:stripped_spruce_log":19,"minecraft:big_dripleaf":4,"minecraft:spruce_boat":5,"minecraft:lantern":17,"minecraft:iron_helmet":1,"minecraft:stone_bricks":112,"minecraft:sweet_berries":139,"minecraft:furnace":2,"minecraft:egg":1,"minecraft:mossy_stone_bricks":36,"minecraft:spruce_door":13,"minecraft:stone_pickaxe":72,"minecraft:wooden_pickaxe":18,"minecraft:blue_bed":1,"minecraft:diamond_axe":1292,"minecraft:oak_leaves":16,"minecraft:glow_berries":32,"minecraft:sand":1,"minecraft:stone_brick_wall":62,"minecraft:shears":36,"minecraft:gravel":3,"minecraft:coarse_dirt":32,"minecraft:bone_meal":1,"minecraft:azalea":2,"minecraft:oak_fence":24,"minecraft:stone_sword":84,"minecraft:spruce_planks":25,"minecraft:torch":4,"minecraft:dirt":678,"minecraft:spruce_stairs":31,"minecraft:spruce_fence":24,"minecraft:small_dripleaf":3,"minecraft:wooden_axe":19,"minecraft:flowering_azalea":4,"minecraft:cooked_beef":23,"minecraft:cobbled_deepslate":45,"minecraft:iron_leggings":1,"minecraft:cooked_mutton":3,"minecraft:spruce_sign":1,"minecraft:mossy_cobblestone":29,"minecraft:crafting_table":3,"minecraft:spruce_log":40,"minecraft:oak_log":215,"minecraft:diamond_pickaxe":1188,"minecraft:apple":3,"minecraft:diamond_shovel":1708,"minecraft:iron_pickaxe":345,"minecraft:spruce_trapdoor":14,"minecraft:spruce_sapling":1,"minecraft:stone_axe":82,"minecraft:cobblestone":5,"minecraft:stripped_oak_log":201},"minecraft:dropped":{"minecraft:oak_log":5,"minecraft:glow_ink_sac":1,"minecraft:ender_pearl":1,"minecraft:diamond":4,"minecraft:leather":3,"minecraft:red_mushroom":1,"minecraft:flint":1,"minecraft:sand":7,"minecraft:bone":4,"minecraft:gravel":124,"minecraft:sugar_cane":8,"minecraft:rotten_flesh":3,"minecraft:poppy":9,"minecraft:arrow":3,"minecraft:wheat_seeds":5,"minecraft:lilac":3,"minecraft:iron_helmet":1,"minecraft:copper_ingot":1,"minecraft:grass_block":1,"minecraft:stick":24,"minecraft:torch":1,"minecraft:rose_bush":18,"minecraft:string":6,"minecraft:spruce_sapling":6,"minecraft:dandelion":1,"minecraft:bricks":2,"minecraft:sweet_berries":32,"minecraft:coarse_dirt":3,"minecraft:clay_ball":50,"minecraft:lily_of_the_valley":16,"minecraft:filled_map":1,"minecraft:peony":14,"minecraft:oak_sapling":4,"minecraft:stone_bricks":2,"minecraft:wooden_pickaxe":2},"minecraft:crafted":{"minecraft:oak_planks":56,"minecraft:mossy_stone_brick_slab":50,"minecraft:stone":203,"minecraft:diamond_shovel":1,"minecraft:cooked_mutton":3,"minecraft:stone_brick_slab":10,"minecraft:chest":3,"minecraft:oak_fence":21,"minecraft:stone_bricks":75,"minecraft:diamond_axe":1,"minecraft:crafting_table":1,"minecraft:spruce_planks":148,"minecraft:spruce_door":6,"minecraft:mossy_cobblestone":26,"minecraft:spruce_trapdoor":4,"minecraft:diamond_pickaxe":2,"minecraft:stick":28,"minecraft:iron_ingot":4,"minecraft:iron_pickaxe":1,"minecraft:stone_sword":1,"minecraft:stone_brick_wall":49,"minecraft:mossy_stone_bricks":52,"minecraft:furnace":1,"minecraft:bone_meal":18,"minecraft:spruce_fence":24,"minecraft:spruce_stairs":20,"minecraft:spruce_slab":18,"minecraft:stone_pickaxe":4,"minecraft:spruce_boat":1,"minecraft:cooked_beef":3,"minecraft:spruce_sign":3,"minecraft:air":0,"minecraft:writable_book":2},"minecraft:picked_up":{"minecraft:wooden_axe":2,"minecraft:iron_chestplate":2,"minecraft:lead":1,"minecraft:string":9,"minecraft:raw_copper":20,"minecraft:iron_leggings":2,"minecraft:orange_glazed_terracotta":13,"minecraft:cobbled_deepslate":80,"minecraft:black_glazed_terracotta":14,"minecraft:spruce_planks":48,"minecraft:rose_bush":27,"minecraft:azalea":11,"minecraft:iron_pickaxe":4,"minecraft:iron_boots":1,"minecraft:furnace":3,"minecraft:golden_helmet":1,"minecraft:stick":97,"minecraft:big_dripleaf":17,"minecraft:oak_fence":4,"minecraft:torch":5,"minecraft:spruce_stairs":45,"minecraft:rotten_flesh":27,"minecraft:tropical_fish":2,"minecraft:white_terracotta":6,"minecraft:snowball":25,"minecraft:cobblestone":727,"minecraft:birch_log":21,"minecraft:lilac":10,"minecraft:feather":3,"minecraft:cooked_beef":30,"minecraft:mud_brick_stairs":11,"minecraft:flint":35,"minecraft:tuff":1,"minecraft:lantern":28,"minecraft:dirt":1348,"minecraft:bone":33,"minecraft:gray_terracotta":35,"minecraft:bow":1,"minecraft:wheat_seeds":10,"minecraft:raw_gold":28,"minecraft:bell":1,"minecraft:mossy_stone_bricks":9,"minecraft:moss_block":321,"minecraft:prismarine":2,"minecraft:oak_planks":58,"minecraft:sand":9,"minecraft:stripped_spruce_log":28,"minecraft:ink_sac":3,"minecraft:grass_block":2,"minecraft:lily_of_the_valley":32,"minecraft:red_terracotta":40,"minecraft:mossy_cobblestone":7,"minecraft:light_gray_terracotta":11,"minecraft:blue_terracotta":46,"minecraft:diamond":17,"minecraft:spruce_boat":4,"minecraft:writable_book":1,"minecraft:oak_sapling":54,"minecraft:bricks":17,"minecraft:oak_leaves":36,"minecraft:diamond_pickaxe":2,"minecraft:mud":5,"minecraft:crafting_table":4,"minecraft:coarse_dirt":42,"minecraft:clay_ball":220,"minecraft:brown_mushroom":12,"minecraft:wooden_pickaxe":5,"minecraft:stone_brick_wall":19,"minecraft:chain":34,"minecraft:shield":1,"minecraft:moss_carpet":48,"minecraft:cracked_stone_bricks":1,"minecraft:beef":3,"minecraft:spruce_slab":33,"minecraft:poppy":22,"minecraft:sugar_cane":8,"minecraft:chest":5,"minecraft:birch_sapling":2,"minecraft:spruce_trapdoor":12,"minecraft:egg":2,"minecraft:raw_iron":28,"minecraft:sandstone":2,"minecraft:copper_ingot":2,"minecraft:spruce_fence":24,"minecraft:carrot":3,"minecraft:redstone":63,"minecraft:prismarine_crystals":5,"minecraft:arrow":4,"minecraft:peony":27,"minecraft:shears":1,"minecraft:brick_stairs":5,"minecraft:mutton":3,"minecraft:glow_berries":67,"minecraft:white_wool":2,"minecraft:rail":2,"minecraft:stripped_oak_log":204,"minecraft:mud_bricks":256,"minecraft:glow_ink_sac":2,"minecraft:leather":3,"minecraft:red_mushroom":2,"minecraft:filled_map":1,"minecraft:packed_mud":43,"minecraft:oak_log":296,"minecraft:golden_boots":1,"minecraft:blue_bed":2,"minecraft:orange_terracotta":10,"minecraft:apple":3,"minecraft:stone_bricks":19,"minecraft:kelp":6,"minecraft:spore_blossom":4,"minecraft:stone_pickaxe":4,"minecraft:iron_ingot":10,"minecraft:flowering_azalea":16,"minecraft:iron_sword":1,"minecraft:pumpkin":29,"minecraft:sweet_berries":205,"minecraft:dandelion":17,"minecraft:gravel":195,"minecraft:spruce_sapling":55,"minecraft:spruce_log":207,"minecraft:mossy_stone_brick_slab":20,"minecraft:spruce_door":7,"minecraft:diamond_shovel":2,"minecraft:purple_glazed_terracotta":4,"minecraft:stone_axe":1,"minecraft:iron_helmet":2,"minecraft:diamond_axe":1,"minecraft:ender_pearl":2},"minecraft:killed":{"minecraft:spider":4,"minecraft:skeleton":8,"minecraft:chicken":3,"minecraft:wolf":1,"minecraft:sheep":2,"minecraft:zombie":11,"minecraft:cow":2,"minecraft:drowned":9,"minecraft:squid":2,"minecraft:enderman":1}},"DataVersion":3955}