{"stats":{"minecraft:crafted":{"minecraft:oak_planks":56,"minecraft:furnace":1,"minecraft:bone_meal":18,"minecraft:diamond_shovel":1,"minecraft:spruce_fence":24,"minecraft:cooked_mutton":3,"minecraft:spruce_stairs":20,"minecraft:spruce_slab":18,"minecraft:stone_pickaxe":4,"minecraft:chest":3,"minecraft:spruce_boat":1,"minecraft:oak_fence":21,"minecraft:cooked_beef":3,"minecraft:spruce_sign":3,"minecraft:diamond_axe":1,"minecraft:crafting_table":1,"minecraft:spruce_planks":148,"minecraft:spruce_door":6,"minecraft:air":0,"minecraft:spruce_trapdoor":4,"minecraft:diamond_pickaxe":2,"minecraft:stick":28,"minecraft:iron_ingot":4,"minecraft:iron_pickaxe":1,"minecraft:stone_sword":1,"minecraft:writable_book":2},"minecraft:broken":{"minecraft:stone_sword":1,"minecraft:stone_axe":1},"minecraft:mined":{"minecraft:purple_glazed_terracotta":4,"minecraft:tuff":3,"minecraft:spruce_planks":23,"minecraft:oak_sapling":1,"minecraft:deepslate_diamond_ore":13,"minecraft:sea_lantern":2,"minecraft:cave_vines_plant":15,"minecraft:spruce_trapdoor":12,"minecraft:glow_lichen":1,"minecraft:grass_block":243,"minecraft:spruce_leaves":50,"minecraft:moss_block":121,"minecraft:red_mushroom":1,"minecraft:large_fern":4,"minecraft:spore_blossom":4,"minecraft:furnace":3,"minecraft:iron_ore":2,"minecraft:cobbled_deepslate":2,"minecraft:pumpkin":21,"minecraft:stripped_spruce_log":28,"minecraft:moss_carpet":13,"minecraft:peony":13,"minecraft:big_dripleaf_stem":2,"minecraft:bell":1,"minecraft:dirt_path":2,"minecraft:cave_vines":31,"minecraft:deepslate_iron_ore":20,"minecraft:vine":4,"minecraft:rail":2,"minecraft:lantern":8,"minecraft:stripped_oak_log":207,"minecraft:azalea":4,"minecraft:stone":492,"minecraft:spruce_slab":16,"minecraft:deepslate_redstone_ore":17,"minecraft:brown_mushroom":7,"minecraft:flowering_azalea":12,"minecraft:lily_of_the_valley":16,"minecraft:dandelion":12,"minecraft:spruce_door":8,"minecraft:oak_fence":4,"minecraft:clay":29,"minecraft:crafting_table":2,"minecraft:torch":1,"minecraft:short_grass":29,"minecraft:poppy":13,"minecraft:chest":2,"minecraft:rose_bush":9,"minecraft:copper_ore":4,"minecraft:tall_grass":9,"minecraft:glass":18,"minecraft:cobblestone":5,"minecraft:deepslate_gold_ore":24,"minecraft:prismarine":3,"minecraft:sugar_cane":4,"minecraft:wall_torch":2,"minecraft:blue_bed":2,"minecraft:big_dripleaf":2,"minecraft:seagrass":2,"minecraft:spruce_stairs":17,"minecraft:chain":17,"minecraft:birch_log":21,"minecraft:sweet_berry_bush":22,"minecraft:lilac":7,"minecraft:spruce_log":76,"minecraft:birch_leaves":4,"minecraft:oak_log":293,"minecraft:gravel":134,"minecraft:sand":5,"minecraft:dirt":343,"minecraft:cracked_stone_bricks":1,"minecraft:mossy_stone_bricks":1,"minecraft:oak_leaves":226,"minecraft:deepslate":52,"minecraft:fern":5,"minecraft:suspicious_gravel":1},"minecraft:dropped":{"minecraft:wheat_seeds":5,"minecraft:glow_ink_sac":1,"minecraft:diamond":4,"minecraft:leather":3,"minecraft:torch":1,"minecraft:sand":4,"minecraft:string":4,"minecraft:dandelion":1,"minecraft:bone":4,"minecraft:gravel":44,"minecraft:sweet_berries":32,"minecraft:sugar_cane":8,"minecraft:rotten_flesh":3,"minecraft:clay_ball":50,"minecraft:filled_map":1,"minecraft:arrow":2,"minecraft:wooden_pickaxe":2},"minecraft:custom":{"minecraft:mob_kills":44,"minecraft:interact_with_crafting_table":40,"minecraft:leave_game":6,"minecraft:time_since_death":394130,"minecraft:climb_one_cm":719,"minecraft:sprint_one_cm":501198,"minecraft:walk_one_cm":1487229,"minecraft:damage_blocked_by_shield":3034,"minecraft:drop":61,"minecraft:play_time":502622,"minecraft:sneak_time":15233,"minecraft:deaths":4,"minecraft:walk_under_water_one_cm":98613,"minecraft:boat_one_cm":828726,"minecraft:jump":4855,"minecraft:walk_on_water_one_cm":141605,"minecraft:total_world_time":502622,"minecraft:interact_with_furnace":10,"minecraft:sleep_in_bed":11,"minecraft:time_since_rest":24483,"minecraft:damage_taken":3832,"minecraft:damage_dealt":7483,"minecraft:swim_one_cm":180915,"minecraft:fly_one_cm":662194,"minecraft:open_chest":54,"minecraft:crouch_one_cm":32823,"minecraft:fall_one_cm":86293},"minecraft:killed":{"minecraft:spider":4,"minecraft:skeleton":7,"minecraft:chicken":3,"minecraft:drowned":8,"minecraft:wolf":1,"minecraft:squid":2,"minecraft:sheep":2,"minecraft:zombie":9,"minecraft:enderman":1,"minecraft:cow":2},"minecraft:picked_up":{"minecraft:wooden_axe":2,"minecraft:crafting_table":4,"minecraft:iron_chestplate":1,"minecraft:clay_ball":220,"minecraft:brown_mushroom":7,"minecraft:wooden_pickaxe":5,"minecraft:chain":34,"minecraft:string":9,"minecraft:moss_carpet":45,"minecraft:raw_copper":20,"minecraft:iron_leggings":1,"minecraft:cracked_stone_bricks":1,"minecraft:cobbled_deepslate":80,"minecraft:spruce_planks":32,"minecraft:beef":3,"minecraft:rose_bush":9,"minecraft:azalea":9,"minecraft:spruce_slab":19,"minecraft:poppy":13,"minecraft:iron_pickaxe":2,"minecraft:sugar_cane":8,"minecraft:chest":2,"minecraft:birch_sapling":2,"minecraft:spruce_trapdoor":12,"minecraft:furnace":3,"minecraft:iron_boots":1,"minecraft:egg":2,"minecraft:stick":65,"minecraft:raw_iron":28,"minecraft:sandstone":2,"minecraft:copper_ingot":1,"minecraft:big_dripleaf":15,"minecraft:oak_fence":4,"minecraft:torch":5,"minecraft:spruce_stairs":17,"minecraft:redstone":63,"minecraft:prismarine_crystals":5,"minecraft:rotten_flesh":22,"minecraft:arrow":3,"minecraft:tropical_fish":2,"minecraft:peony":13,"minecraft:mutton":3,"minecraft:glow_berries":67,"minecraft:rail":2,"minecraft:snowball":25,"minecraft:white_wool":2,"minecraft:cobblestone":503,"minecraft:stripped_oak_log":204,"minecraft:birch_log":21,"minecraft:cooked_beef":14,"minecraft:feather":3,"minecraft:lilac":7,"minecraft:glow_ink_sac":2,"minecraft:leather":3,"minecraft:red_mushroom":1,"minecraft:flint":15,"minecraft:tuff":1,"minecraft:oak_log":291,"minecraft:dirt":636,"minecraft:blue_bed":2,"minecraft:lantern":8,"minecraft:bone":16,"minecraft:apple":3,"minecraft:kelp":6,"minecraft:bow":1,"minecraft:wheat_seeds":10,"minecraft:raw_gold":28,"minecraft:bell":1,"minecraft:spore_blossom":4,"minecraft:iron_ingot":10,"minecraft:stone_pickaxe":4,"minecraft:moss_block":314,"minecraft:prismarine":2,"minecraft:flowering_azalea":15,"minecraft:pumpkin":21,"minecraft:sweet_berries":204,"minecraft:dandelion":12,"minecraft:gravel":115,"minecraft:sand":6,"minecraft:stripped_spruce_log":28,"minecraft:spruce_sapling":43,"minecraft:ink_sac":3,"minecraft:grass_block":1,"minecraft:spruce_log":86,"minecraft:lily_of_the_valley":16,"minecraft:spruce_door":7,"minecraft:spruce_boat":4,"minecraft:diamond":17,"minecraft:purple_glazed_terracotta":4,"minecraft:stone_axe":1,"minecraft:iron_helmet":1,"minecraft:oak_sapling":49,"minecraft:ender_pearl":1},"minecraft:killed_by":{"minecraft:creeper":1,"minecraft:skeleton":1,"minecraft:zombie":2},"minecraft:used":{"minecraft:oak_fence":24,"minecraft:moss_block":8,"minecraft:writable_book":1,"minecraft:stone_sword":84,"minecraft:spruce_slab":31,"minecraft:chest":4,"minecraft:spruce_planks":25,"minecraft:shield":78,"minecraft:iron_sword":75,"minecraft:rotten_flesh":2,"minecraft:torch":4,"minecraft:dirt":499,"minecraft:spruce_stairs":31,"minecraft:spruce_fence":24,"minecraft:snowball":25,"minecraft:stripped_spruce_log":19,"minecraft:spruce_boat":5,"minecraft:wooden_axe":19,"minecraft:iron_helmet":1,"minecraft:sweet_berries":128,"minecraft:furnace":2,"minecraft:egg":1,"minecraft:cooked_beef":17,"minecraft:cobbled_deepslate":45,"minecraft:iron_leggings":1,"minecraft:cooked_mutton":3,"minecraft:spruce_door":13,"minecraft:stone_pickaxe":72,"minecraft:wooden_pickaxe":18,"minecraft:spruce_sign":1,"minecraft:blue_bed":1,"minecraft:diamond_axe":1106,"minecraft:glow_berries":32,"minecraft:sand":1,"minecraft:crafting_table":3,"minecraft:spruce_log":40,"minecraft:oak_log":215,"minecraft:diamond_pickaxe":329,"minecraft:apple":3,"minecraft:diamond_shovel":661,"minecraft:iron_pickaxe":345,"minecraft:spruce_trapdoor":14,"minecraft:spruce_sapling":1,"minecraft:gravel":3,"minecraft:stone_axe":82,"minecraft:cobblestone":5,"minecraft:stripped_oak_log":201,"minecraft:bone_meal":1}},"DataVersion":3955}