{"stats":{"minecraft:broken":{"minecraft:stone_sword":1,"minecraft:flint_and_steel":1,"minecraft:stone_pickaxe":1,"minecraft:stone_axe":1},"minecraft:mined":{"minecraft:tuff":16,"minecraft:mossy_cobblestone":1,"minecraft:deepslate_diamond_ore":13,"minecraft:glow_lichen":2,"minecraft:granite":8,"minecraft:dark_oak_fence":4,"minecraft:grass_block":3,"minecraft:spawner":3,"minecraft:large_fern":2,"minecraft:furnace":2,"minecraft:iron_ore":1,"minecraft:andesite":4,"minecraft:pumpkin":1,"minecraft:deepslate_lapis_ore":3,"minecraft:deepslate_iron_ore":15,"minecraft:white_banner":1,"minecraft:stone":162,"minecraft:deepslate_redstone_ore":21,"minecraft:oak_fence":2,"minecraft:crafting_table":7,"minecraft:torch":15,"minecraft:copper_ore":1,"minecraft:lapis_ore":4,"minecraft:deepslate_gold_ore":28,"minecraft:sugar_cane":2,"minecraft:oak_planks":1,"minecraft:diorite":11,"minecraft:wall_torch":7,"minecraft:wheat":1,"minecraft:spruce_log":12,"minecraft:coal_ore":36,"minecraft:gravel":42,"minecraft:dirt":12,"minecraft:cobweb":26,"minecraft:deepslate":56},"minecraft:killed_by":{"minecraft:enderman":1,"minecraft:ravager":1,"minecraft:vindicator":1},"minecraft:custom":{"minecraft:mob_kills":77,"minecraft:interact_with_crafting_table":20,"minecraft:leave_game":3,"minecraft:time_since_death":29493,"minecraft:sprint_one_cm":334618,"minecraft:walk_one_cm":732086,"minecraft:damage_blocked_by_shield":755,"minecraft:drop":41,"minecraft:talked_to_villager":3,"minecraft:raid_win":1,"minecraft:play_time":152181,"minecraft:sneak_time":2806,"minecraft:deaths":3,"minecraft:walk_under_water_one_cm":26553,"minecraft:boat_one_cm":247283,"minecraft:jump":2176,"minecraft:interact_with_blast_furnace":1,"minecraft:walk_on_water_one_cm":16254,"minecraft:total_world_time":152181,"minecraft:interact_with_furnace":14,"minecraft:raid_trigger":1,"minecraft:sleep_in_bed":5,"minecraft:time_since_rest":5676,"minecraft:damage_taken":1850,"minecraft:damage_dealt":13179,"minecraft:swim_one_cm":24091,"minecraft:fly_one_cm":422329,"minecraft:open_chest":14,"minecraft:crouch_one_cm":4114,"minecraft:fall_one_cm":21292},"minecraft:used":{"minecraft:stone_sword":140,"minecraft:flint_and_steel":64,"minecraft:shield":28,"minecraft:iron_sword":65,"minecraft:torch":81,"minecraft:dirt":15,"minecraft:snowball":16,"minecraft:spruce_boat":1,"minecraft:diamond_chestplate":1,"minecraft:beef":3,"minecraft:ominous_bottle":1,"minecraft:furnace":1,"minecraft:egg":1,"minecraft:potato":38,"minecraft:cobbled_deepslate":13,"minecraft:golden_axe":4,"minecraft:beetroot_soup":2,"minecraft:diorite":10,"minecraft:rabbit":1,"minecraft:stone_pickaxe":191,"minecraft:wooden_pickaxe":6,"minecraft:salmon":17,"minecraft:crafting_table":8,"minecraft:cod":2,"minecraft:chicken":2,"minecraft:bread":10,"minecraft:iron_pickaxe":216,"minecraft:gravel":56,"minecraft:stone_axe":71,"minecraft:diamond_sword":82,"minecraft:cobblestone":28,"minecraft:white_banner":1,"minecraft:porkchop":10,"minecraft:andesite":4,"minecraft:pumpkin_pie":1},"minecraft:crafted":{"minecraft:flint_and_steel":1,"minecraft:stone_pickaxe":2,"minecraft:spruce_boat":1,"minecraft:golden_boots":1,"minecraft:sugar":3,"minecraft:diamond_sword":1,"minecraft:crafting_table":2,"minecraft:spruce_planks":48,"minecraft:wooden_pickaxe":1,"minecraft:iron_helmet":1,"minecraft:iron_sword":1,"minecraft:stone_axe":1,"minecraft:golden_leggings":1,"minecraft:diamond_pickaxe":1,"minecraft:shield":1,"minecraft:stick":24,"minecraft:iron_ingot":12,"minecraft:iron_pickaxe":1,"minecraft:stone_sword":2,"minecraft:gold_ingot":15,"minecraft:pumpkin_pie":1,"minecraft:torch":48,"minecraft:diamond_chestplate":1},"minecraft:dropped":{"minecraft:mossy_cobblestone":2,"minecraft:feather":5,"minecraft:oak_fence":2,"minecraft:leather":2,"minecraft:cod":1,"minecraft:dirt":4,"minecraft:snowball":21,"minecraft:bone_meal":2,"minecraft:sugar":2,"minecraft:spruce_sapling":2,"minecraft:bone":6,"minecraft:sugar_cane":4,"minecraft:stone_sword":1,"minecraft:bowl":3,"minecraft:tuff":11,"minecraft:rotten_flesh":11,"minecraft:oak_planks":2,"minecraft:pumpkin_seeds":6,"minecraft:poppy":2,"minecraft:gunpowder":2,"minecraft:melon_seeds":3,"minecraft:spider_eye":2,"minecraft:wooden_pickaxe":1,"minecraft:stone_pickaxe":2},"minecraft:picked_up":{"minecraft:crafting_table":10,"minecraft:ominous_bottle":1,"minecraft:chicken":2,"minecraft:lead":2,"minecraft:diamond_sword":2,"minecraft:enchanted_book":2,"minecraft:shield":2,"minecraft:music_disc_cat":2,"minecraft:string":99,"minecraft:flint_and_steel":1,"minecraft:beetroot_soup":2,"minecraft:cobbled_deepslate":188,"minecraft:spruce_planks":69,"minecraft:beef":3,"minecraft:poppy":4,"minecraft:iron_pickaxe":4,"minecraft:sugar_cane":11,"minecraft:furnace":8,"minecraft:egg":2,"minecraft:stick":21,"minecraft:raw_iron":24,"minecraft:oak_fence":2,"minecraft:torch":101,"minecraft:bowl":1,"minecraft:snow_block":3,"minecraft:porkchop":10,"minecraft:golden_axe":1,"minecraft:diorite":10,"minecraft:redstone":337,"minecraft:stone_sword":1,"minecraft:diamond_chestplate":2,"minecraft:rotten_flesh":14,"minecraft:beetroot_seeds":32,"minecraft:gold_ingot":18,"minecraft:cod":3,"minecraft:snowball":69,"minecraft:cobblestone":440,"minecraft:feather":5,"minecraft:andesite":4,"minecraft:salmon":17,"minecraft:leather":2,"minecraft:golden_leggings":2,"minecraft:potato":21,"minecraft:flint":10,"minecraft:tuff":11,"minecraft:golden_boots":2,"minecraft:gunpowder":14,"minecraft:lapis_lazuli":163,"minecraft:dirt":20,"minecraft:white_banner":12,"minecraft:name_tag":2,"minecraft:bone":5,"minecraft:raw_gold":54,"minecraft:iron_ingot":8,"minecraft:stone_pickaxe":2,"minecraft:rabbit":1,"minecraft:iron_sword":2,"minecraft:oak_planks":3,"minecraft:pumpkin":1,"minecraft:gravel":56,"minecraft:spruce_sapling":12,"minecraft:spruce_log":12,"minecraft:spider_eye":2,"minecraft:mossy_cobblestone":2,"minecraft:pumpkin_seeds":12,"minecraft:diamond":13,"minecraft:spruce_boat":1,"minecraft:iron_helmet":2,"minecraft:granite":8,"minecraft:bone_meal":2,"minecraft:emerald":3,"minecraft:bread":3,"minecraft:melon_seeds":9,"minecraft:coal":91,"minecraft:diamond_pickaxe":2},"minecraft:killed":{"minecraft:cave_spider":2,"minecraft:spider":7,"minecraft:vindicator":1,"minecraft:skeleton":2,"minecraft:chicken":2,"minecraft:pig":4,"minecraft:salmon":16,"minecraft:rabbit":1,"minecraft:bat":1,"minecraft:creeper":1,"minecraft:squid":1,"minecraft:polar_bear":5,"minecraft:pillager":11,"minecraft:zombie":17,"minecraft:cow":2,"minecraft:enderman":1}},"DataVersion":3955}