{"stats":{"minecraft:broken":{"minecraft:iron_shovel":3,"minecraft:stone_pickaxe":1,"minecraft:stone_axe":3,"minecraft:stone_sword":1,"minecraft:flint_and_steel":1,"minecraft:golden_axe":1,"minecraft:iron_pickaxe":2},"minecraft:mined":{"minecraft:cut_sandstone_slab":32,"minecraft:spruce_planks":24,"minecraft:attached_melon_stem":1,"minecraft:cherry_log":65,"minecraft:brewing_stand":2,"minecraft:obsidian":10,"minecraft:granite":8,"minecraft:grass_block":134,"minecraft:sandstone_stairs":6,"minecraft:spawner":3,"minecraft:tall_seagrass":1,"minecraft:iron_ore":16,"minecraft:barrel":1,"minecraft:pumpkin":3,"minecraft:deepslate_lapis_ore":3,"minecraft:oak_stairs":4,"minecraft:white_banner":1,"minecraft:deepslate_redstone_ore":21,"minecraft:cut_sandstone":27,"minecraft:melon_stem":2,"minecraft:clay":35,"minecraft:torch":19,"minecraft:melon":3,"minecraft:chest":2,"minecraft:cobblestone":15,"minecraft:grindstone":1,"minecraft:cyan_bed":2,"minecraft:sugar_cane":2,"minecraft:oak_planks":24,"minecraft:wall_torch":7,"minecraft:pink_petals":22,"minecraft:seagrass":1,"minecraft:wheat":1,"minecraft:pumpkin_stem":2,"minecraft:oak_log":164,"minecraft:beetroots":80,"minecraft:sand":1020,"minecraft:dirt":140,"minecraft:netherrack":1,"minecraft:oak_leaves":73,"minecraft:deepslate":64,"minecraft:tuff":16,"minecraft:mossy_cobblestone":1,"minecraft:deepslate_diamond_ore":25,"minecraft:cherry_sapling":1,"minecraft:sea_lantern":1,"minecraft:glow_lichen":2,"minecraft:ladder":2,"minecraft:dark_oak_fence":4,"minecraft:spruce_leaves":10,"minecraft:sandstone":213,"minecraft:large_fern":2,"minecraft:oak_trapdoor":2,"minecraft:furnace":4,"minecraft:andesite":5,"minecraft:stripped_spruce_log":7,"minecraft:gold_block":2,"minecraft:bookshelf":11,"minecraft:deepslate_iron_ore":15,"minecraft:lantern":70,"minecraft:stone":168,"minecraft:basalt":1,"minecraft:oak_fence":2,"minecraft:crafting_table":10,"minecraft:short_grass":4,"minecraft:sculk_sensor":2,"minecraft:copper_ore":1,"minecraft:lapis_ore":4,"minecraft:deepslate_gold_ore":28,"minecraft:sculk":32,"minecraft:diorite":11,"minecraft:spruce_log":87,"minecraft:coal_ore":46,"minecraft:cherry_leaves":5,"minecraft:gravel":42,"minecraft:cobweb":26},"minecraft:killed_by":{"minecraft:ravager":1,"minecraft:vindicator":1,"minecraft:enderman":1},"minecraft:custom":{"minecraft:interact_with_crafting_table":109,"minecraft:open_barrel":9,"minecraft:leave_game":5,"minecraft:time_since_death":534917,"minecraft:sprint_one_cm":1093207,"minecraft:damage_blocked_by_shield":755,"minecraft:drop":92,"minecraft:talked_to_villager":7,"minecraft:play_time":657605,"minecraft:deaths":3,"minecraft:jump":6680,"minecraft:walk_on_water_one_cm":206393,"minecraft:interact_with_furnace":66,"minecraft:sleep_in_bed":22,"minecraft:damage_dealt":20670,"minecraft:crouch_one_cm":16507,"minecraft:interact_with_smithing_table":1,"minecraft:mob_kills":130,"minecraft:climb_one_cm":29789,"minecraft:walk_one_cm":1898863,"minecraft:raid_win":1,"minecraft:sneak_time":14793,"minecraft:walk_under_water_one_cm":548534,"minecraft:boat_one_cm":1289739,"minecraft:interact_with_blast_furnace":1,"minecraft:total_world_time":657605,"minecraft:raid_trigger":1,"minecraft:time_since_rest":10926,"minecraft:damage_taken":3684,"minecraft:swim_one_cm":451624,"minecraft:fly_one_cm":1196389,"minecraft:open_chest":214,"minecraft:fall_one_cm":112011},"minecraft:used":{"minecraft:beetroot":137,"minecraft:cherry_sapling":14,"minecraft:writable_book":1,"minecraft:iron_shovel":1224,"minecraft:ladder":16,"minecraft:chest":12,"minecraft:shield":28,"minecraft:stone":7,"minecraft:iron_sword":204,"minecraft:carrot":15,"minecraft:snowball":16,"minecraft:stripped_spruce_log":1,"minecraft:obsidian":12,"minecraft:spruce_boat":10,"minecraft:glass":412,"minecraft:lava_bucket":6,"minecraft:lantern":26,"minecraft:written_book":1,"minecraft:ominous_bottle":1,"minecraft:furnace":7,"minecraft:beetroot_seeds":198,"minecraft:egg":2,"minecraft:potato":49,"minecraft:diorite":10,"minecraft:stone_pickaxe":191,"minecraft:oak_planks":462,"minecraft:wooden_pickaxe":6,"minecraft:sandstone":17,"minecraft:sand":2,"minecraft:cut_sandstone_slab":155,"minecraft:pumpkin_seeds":3,"minecraft:cyan_bed":3,"minecraft:bread":10,"minecraft:melon_slice":12,"minecraft:lectern":1,"minecraft:gravel":56,"minecraft:diamond_sword":86,"minecraft:fire_charge":1,"minecraft:smithing_table":1,"minecraft:andesite":5,"minecraft:oak_trapdoor":4,"minecraft:stone_sword":140,"minecraft:flint_and_steel":64,"minecraft:redstone":2,"minecraft:spruce_planks":112,"minecraft:oak_door":2,"minecraft:torch":85,"minecraft:dirt":386,"minecraft:iron_axe":117,"minecraft:oak_stairs":22,"minecraft:barrel":2,"minecraft:melon_seeds":3,"minecraft:diamond_chestplate":1,"minecraft:tripwire_hook":2,"minecraft:beef":14,"minecraft:cooked_beef":4,"minecraft:cobbled_deepslate":13,"minecraft:golden_axe":32,"minecraft:beetroot_soup":2,"minecraft:water_bucket":11,"minecraft:sandstone_stairs":15,"minecraft:rabbit":1,"minecraft:cut_sandstone":276,"minecraft:salmon":27,"minecraft:oak_slab":8,"minecraft:crafting_table":16,"minecraft:campfire":4,"minecraft:cod":2,"minecraft:spruce_log":107,"minecraft:wooden_hoe":4,"minecraft:diamond_pickaxe":16,"minecraft:apple":7,"minecraft:chicken":2,"minecraft:iron_pickaxe":669,"minecraft:spruce_sapling":8,"minecraft:stone_axe":328,"minecraft:cobblestone":28,"minecraft:white_banner":1,"minecraft:porkchop":10,"minecraft:bucket":19,"minecraft:glass_pane":16,"minecraft:pumpkin_pie":1},"minecraft:dropped":{"minecraft:leather":10,"minecraft:cod":1,"minecraft:dirt":6,"minecraft:seagrass":2,"minecraft:snowball":21,"minecraft:bone_meal":2,"minecraft:sand":1,"minecraft:sugar":2,"minecraft:bone":6,"minecraft:sugar_cane":4,"minecraft:iron_nugget":14,"minecraft:golden_chestplate":2,"minecraft:obsidian":2,"minecraft:cherry_sapling":13,"minecraft:rotten_flesh":13,"minecraft:oak_planks":10,"minecraft:poppy":2,"minecraft:gunpowder":2,"minecraft:melon_seeds":3,"minecraft:basalt":1,"minecraft:golden_boots":1,"minecraft:mossy_cobblestone":2,"minecraft:iron_helmet":1,"minecraft:prismarine_shard":1,"minecraft:oak_fence":2,"minecraft:feather":6,"minecraft:lead":1,"minecraft:stick":17,"minecraft:iron_axe":1,"minecraft:iron_shovel":1,"minecraft:pink_petals":64,"minecraft:spruce_sapling":2,"minecraft:kelp":6,"minecraft:sweet_berries":3,"minecraft:stone_sword":1,"minecraft:bowl":3,"minecraft:tuff":11,"minecraft:pumpkin_seeds":6,"minecraft:filled_map":1,"minecraft:spruce_planks":4,"minecraft:golden_leggings":2,"minecraft:spider_eye":2,"minecraft:spruce_log":1,"minecraft:stone_pickaxe":2,"minecraft:wooden_pickaxe":1},"minecraft:crafted":{"minecraft:oak_planks":464,"minecraft:barrel":1,"minecraft:cut_sandstone":344,"minecraft:cut_sandstone_slab":126,"minecraft:stone":7,"minecraft:glass":399,"minecraft:diamond_helmet":1,"minecraft:diamond_leggings":1,"minecraft:chest":10,"minecraft:golden_boots":1,"minecraft:oak_slab":12,"minecraft:crafting_table":6,"minecraft:spruce_planks":148,"minecraft:wooden_pickaxe":1,"minecraft:iron_helmet":1,"minecraft:campfire":4,"minecraft:wooden_hoe":1,"minecraft:diamond_pickaxe":1,"minecraft:golden_leggings":1,"minecraft:shield":1,"minecraft:stick":88,"minecraft:iron_ingot":31,"minecraft:iron_pickaxe":2,"minecraft:stone_sword":2,"minecraft:gold_ingot":33,"minecraft:sandstone":149,"minecraft:sandstone_stairs":12,"minecraft:oak_door":3,"minecraft:coal":99,"minecraft:tripwire_hook":2,"minecraft:iron_nugget":117,"minecraft:furnace":4,"minecraft:glass_pane":16,"minecraft:oak_trapdoor":2,"minecraft:flint_and_steel":1,"minecraft:lantern":14,"minecraft:iron_axe":1,"minecraft:ladder":18,"minecraft:stone_pickaxe":2,"minecraft:diamond_boots":1,"minecraft:spruce_boat":2,"minecraft:sugar":3,"minecraft:diamond_sword":1,"minecraft:iron_sword":1,"minecraft:bucket":2,"minecraft:stone_axe":1,"minecraft:oak_stairs":20,"minecraft:iron_shovel":6,"minecraft:pumpkin_pie":1,"minecraft:torch":48,"minecraft:diamond_chestplate":1},"minecraft:picked_up":{"minecraft:seagrass":10,"minecraft:wheat":50,"minecraft:prismarine_shard":1,"minecraft:diamond_sword":2,"minecraft:lead":4,"minecraft:oak_stairs":4,"minecraft:enchanted_book":3,"minecraft:brewing_stand":2,"minecraft:music_disc_cat":3,"minecraft:string":133,"minecraft:beetroot_soup":2,"minecraft:beetroot":63,"minecraft:cobbled_deepslate":239,"minecraft:spruce_planks":302,"minecraft:iron_pickaxe":4,"minecraft:melon_slice":12,"minecraft:furnace":10,"minecraft:tipped_arrow":1,"minecraft:stick":67,"minecraft:oak_fence":2,"minecraft:torch":105,"minecraft:porkchop":10,"minecraft:snow_block":3,"minecraft:golden_axe":1,"minecraft:cherry_log":64,"minecraft:diorite":10,"minecraft:stone_sword":1,"minecraft:rotten_flesh":18,"minecraft:white_terracotta":6,"minecraft:obsidian":12,"minecraft:snowball":69,"minecraft:cod":3,"minecraft:cobblestone":571,"minecraft:pink_petals":64,"minecraft:cooked_beef":4,"minecraft:feather":6,"minecraft:andesite":5,"minecraft:golden_leggings":2,"minecraft:mud_brick_stairs":11,"minecraft:potato":21,"minecraft:flint":32,"minecraft:tuff":11,"minecraft:lantern":70,"minecraft:cut_sandstone_slab":34,"minecraft:lapis_lazuli":227,"minecraft:dirt":265,"minecraft:name_tag":3,"minecraft:bone":12,"minecraft:glass":33,"minecraft:wheat_seeds":1,"minecraft:raw_gold":67,"minecraft:grindstone":1,"minecraft:rabbit":1,"minecraft:prismarine":2,"minecraft:oak_planks":164,"minecraft:sand":1139,"minecraft:stripped_spruce_log":7,"minecraft:cyan_bed":3,"minecraft:red_terracotta":28,"minecraft:barrel":1,"minecraft:mossy_cobblestone":2,"minecraft:blue_terracotta":46,"minecraft:diamond":25,"minecraft:spruce_boat":8,"minecraft:crossbow":1,"minecraft:granite":8,"minecraft:bone_meal":2,"minecraft:spruce_sign":2,"minecraft:bread":3,"minecraft:emerald":9,"minecraft:oak_sapling":10,"minecraft:netherrack":1,"minecraft:diamond_pickaxe":2,"minecraft:mud":5,"minecraft:crafting_table":13,"minecraft:ominous_bottle":2,"minecraft:chicken":2,"minecraft:ladder":2,"minecraft:clay_ball":132,"minecraft:gold_block":2,"minecraft:shield":2,"minecraft:iron_axe":1,"minecraft:oak_trapdoor":2,"minecraft:flint_and_steel":1,"minecraft:cracked_stone_bricks":1,"minecraft:beef":21,"minecraft:poppy":4,"minecraft:chest":2,"minecraft:sugar_cane":11,"minecraft:egg":2,"minecraft:raw_iron":39,"minecraft:sandstone":213,"minecraft:copper_ingot":1,"minecraft:bowl":1,"minecraft:redstone":454,"minecraft:prismarine_crystals":9,"minecraft:arrow":3,"minecraft:diamond_chestplate":2,"minecraft:beetroot_seeds":216,"minecraft:sandstone_stairs":6,"minecraft:gold_ingot":27,"minecraft:brick_stairs":5,"minecraft:mud_bricks":64,"minecraft:basalt":1,"minecraft:salmon":27,"minecraft:cut_sandstone":27,"minecraft:leather":10,"minecraft:filled_map":1,"minecraft:oak_log":164,"minecraft:golden_boots":2,"minecraft:gunpowder":18,"minecraft:white_banner":17,"minecraft:kelp":6,"minecraft:iron_ingot":29,"minecraft:stone_pickaxe":2,"minecraft:iron_sword":3,"minecraft:book":33,"minecraft:pumpkin":12,"minecraft:gravel":60,"minecraft:spruce_sapling":54,"minecraft:spruce_log":215,"minecraft:spider_eye":2,"minecraft:pumpkin_seeds":18,"minecraft:iron_helmet":2,"minecraft:cherry_sapling":27,"minecraft:melon_seeds":23,"minecraft:coal":110},"minecraft:killed":{"minecraft:cave_spider":2,"minecraft:witch":1,"minecraft:spider":11,"minecraft:skeleton":7,"minecraft:guardian":1,"minecraft:chicken":2,"minecraft:turtle":4,"minecraft:pig":4,"minecraft:salmon":28,"minecraft:creeper":1,"minecraft:pillager":13,"minecraft:zombie":28,"minecraft:stray":1,"minecraft:cow":12,"minecraft:vindicator":1,"minecraft:drowned":1,"minecraft:rabbit":1,"minecraft:bat":1,"minecraft:squid":1,"minecraft:polar_bear":5,"minecraft:enderman":1}},"DataVersion":3955}