{"stats":{"minecraft:crafted":{"minecraft:oak_planks":368,"minecraft:cut_sandstone":292,"minecraft:cut_sandstone_slab":72,"minecraft:iron_nugget":54,"minecraft:flint_and_steel":1,"minecraft:oak_trapdoor":2,"minecraft:lantern":6,"minecraft:glass":399,"minecraft:ladder":18,"minecraft:stone_pickaxe":2,"minecraft:chest":6,"minecraft:spruce_boat":1,"minecraft:golden_boots":1,"minecraft:sugar":3,"minecraft:diamond_sword":1,"minecraft:crafting_table":2,"minecraft:spruce_planks":48,"minecraft:iron_helmet":1,"minecraft:wooden_pickaxe":1,"minecraft:iron_sword":1,"minecraft:campfire":4,"minecraft:stone_axe":1,"minecraft:wooden_hoe":1,"minecraft:golden_leggings":1,"minecraft:diamond_pickaxe":1,"minecraft:shield":1,"minecraft:stick":88,"minecraft:iron_ingot":31,"minecraft:iron_pickaxe":2,"minecraft:stone_sword":2,"minecraft:iron_shovel":5,"minecraft:gold_ingot":15,"minecraft:sandstone":99,"minecraft:pumpkin_pie":1,"minecraft:torch":48,"minecraft:sandstone_stairs":4,"minecraft:diamond_chestplate":1},"minecraft:broken":{"minecraft:iron_shovel":3,"minecraft:stone_sword":1,"minecraft:flint_and_steel":1,"minecraft:stone_pickaxe":1,"minecraft:golden_axe":1,"minecraft:stone_axe":1,"minecraft:iron_pickaxe":2},"minecraft:mined":{"minecraft:tuff":16,"minecraft:cut_sandstone_slab":21,"minecraft:attached_melon_stem":1,"minecraft:mossy_cobblestone":1,"minecraft:deepslate_diamond_ore":13,"minecraft:sea_lantern":1,"minecraft:ladder":2,"minecraft:glow_lichen":2,"minecraft:granite":8,"minecraft:dark_oak_fence":4,"minecraft:grass_block":12,"minecraft:sandstone":213,"minecraft:spawner":3,"minecraft:large_fern":2,"minecraft:oak_trapdoor":2,"minecraft:furnace":4,"minecraft:iron_ore":16,"minecraft:andesite":4,"minecraft:pumpkin":3,"minecraft:deepslate_lapis_ore":3,"minecraft:deepslate_iron_ore":15,"minecraft:stone":167,"minecraft:white_banner":1,"minecraft:deepslate_redstone_ore":21,"minecraft:cut_sandstone":18,"minecraft:melon_stem":2,"minecraft:oak_fence":2,"minecraft:crafting_table":9,"minecraft:torch":19,"minecraft:short_grass":1,"minecraft:melon":3,"minecraft:chest":2,"minecraft:copper_ore":1,"minecraft:cyan_bed":1,"minecraft:lapis_ore":4,"minecraft:deepslate_gold_ore":28,"minecraft:sugar_cane":2,"minecraft:oak_planks":16,"minecraft:diorite":11,"minecraft:wall_torch":7,"minecraft:wheat":1,"minecraft:spruce_log":12,"minecraft:pumpkin_stem":2,"minecraft:oak_log":104,"minecraft:coal_ore":46,"minecraft:beetroots":35,"minecraft:sand":938,"minecraft:gravel":42,"minecraft:dirt":127,"minecraft:cobweb":26,"minecraft:oak_leaves":10,"minecraft:deepslate":56},"minecraft:dropped":{"minecraft:mossy_cobblestone":2,"minecraft:oak_fence":2,"minecraft:feather":5,"minecraft:lead":1,"minecraft:leather":6,"minecraft:cod":1,"minecraft:dirt":4,"minecraft:seagrass":2,"minecraft:snowball":21,"minecraft:bone_meal":2,"minecraft:sugar":2,"minecraft:spruce_sapling":2,"minecraft:bone":6,"minecraft:sweet_berries":3,"minecraft:sugar_cane":4,"minecraft:stone_sword":1,"minecraft:bowl":3,"minecraft:tuff":11,"minecraft:rotten_flesh":13,"minecraft:oak_planks":10,"minecraft:pumpkin_seeds":6,"minecraft:filled_map":1,"minecraft:poppy":2,"minecraft:gunpowder":2,"minecraft:melon_seeds":3,"minecraft:spider_eye":2,"minecraft:wooden_pickaxe":1,"minecraft:stone_pickaxe":2},"minecraft:custom":{"minecraft:mob_kills":101,"minecraft:interact_with_crafting_table":56,"minecraft:leave_game":4,"minecraft:time_since_death":254031,"minecraft:climb_one_cm":8418,"minecraft:sprint_one_cm":635164,"minecraft:walk_one_cm":1131644,"minecraft:damage_blocked_by_shield":755,"minecraft:drop":59,"minecraft:talked_to_villager":3,"minecraft:raid_win":1,"minecraft:play_time":376719,"minecraft:sneak_time":10883,"minecraft:deaths":3,"minecraft:walk_under_water_one_cm":448464,"minecraft:boat_one_cm":339616,"minecraft:jump":3614,"minecraft:interact_with_blast_furnace":1,"minecraft:walk_on_water_one_cm":136576,"minecraft:total_world_time":376719,"minecraft:interact_with_furnace":61,"minecraft:raid_trigger":1,"minecraft:sleep_in_bed":16,"minecraft:time_since_rest":7272,"minecraft:damage_taken":2628,"minecraft:damage_dealt":15577,"minecraft:swim_one_cm":259976,"minecraft:fly_one_cm":644263,"minecraft:open_chest":100,"minecraft:crouch_one_cm":13725,"minecraft:fall_one_cm":46460},"minecraft:killed":{"minecraft:cave_spider":2,"minecraft:spider":7,"minecraft:vindicator":1,"minecraft:skeleton":2,"minecraft:chicken":2,"minecraft:drowned":1,"minecraft:turtle":4,"minecraft:pig":4,"minecraft:salmon":28,"minecraft:rabbit":1,"minecraft:bat":1,"minecraft:creeper":1,"minecraft:squid":1,"minecraft:polar_bear":5,"minecraft:pillager":11,"minecraft:zombie":18,"minecraft:enderman":1,"minecraft:cow":8},"minecraft:picked_up":{"minecraft:mud":5,"minecraft:seagrass":10,"minecraft:crafting_table":12,"minecraft:wheat":50,"minecraft:ladder":2,"minecraft:ominous_bottle":1,"minecraft:chicken":2,"minecraft:diamond_sword":2,"minecraft:lead":4,"minecraft:enchanted_book":3,"minecraft:shield":2,"minecraft:music_disc_cat":3,"minecraft:string":133,"minecraft:oak_trapdoor":2,"minecraft:flint_and_steel":1,"minecraft:beetroot_soup":2,"minecraft:beetroot":26,"minecraft:cracked_stone_bricks":1,"minecraft:cobbled_deepslate":239,"minecraft:spruce_planks":70,"minecraft:beef":14,"minecraft:poppy":4,"minecraft:iron_pickaxe":4,"minecraft:chest":2,"minecraft:melon_slice":12,"minecraft:sugar_cane":11,"minecraft:furnace":10,"minecraft:egg":2,"minecraft:stick":21,"minecraft:raw_iron":39,"minecraft:sandstone":213,"minecraft:copper_ingot":1,"minecraft:oak_fence":2,"minecraft:torch":105,"minecraft:bowl":1,"minecraft:snow_block":3,"minecraft:porkchop":10,"minecraft:golden_axe":1,"minecraft:diorite":10,"minecraft:redstone":454,"minecraft:prismarine_crystals":9,"minecraft:stone_sword":1,"minecraft:rotten_flesh":16,"minecraft:diamond_chestplate":2,"minecraft:beetroot_seeds":112,"minecraft:gold_ingot":27,"minecraft:white_terracotta":6,"minecraft:brick_stairs":5,"minecraft:cod":3,"minecraft:snowball":69,"minecraft:cobblestone":566,"minecraft:mud_bricks":64,"minecraft:cooked_beef":4,"minecraft:feather":5,"minecraft:andesite":4,"minecraft:salmon":27,"minecraft:cut_sandstone":18,"minecraft:leather":6,"minecraft:golden_leggings":2,"minecraft:mud_brick_stairs":11,"minecraft:potato":21,"minecraft:filled_map":1,"minecraft:flint":32,"minecraft:tuff":11,"minecraft:oak_log":104,"minecraft:golden_boots":2,"minecraft:gunpowder":18,"minecraft:lapis_lazuli":227,"minecraft:cut_sandstone_slab":23,"minecraft:dirt":136,"minecraft:white_banner":16,"minecraft:name_tag":3,"minecraft:glass":33,"minecraft:bone":5,"minecraft:raw_gold":67,"minecraft:iron_ingot":29,"minecraft:stone_pickaxe":2,"minecraft:rabbit":1,"minecraft:prismarine":2,"minecraft:iron_sword":3,"minecraft:oak_planks":156,"minecraft:pumpkin":12,"minecraft:gravel":60,"minecraft:sand":1057,"minecraft:spruce_sapling":12,"minecraft:spruce_log":76,"minecraft:cyan_bed":2,"minecraft:red_terracotta":28,"minecraft:spider_eye":2,"minecraft:mossy_cobblestone":2,"minecraft:pumpkin_seeds":18,"minecraft:blue_terracotta":46,"minecraft:diamond":13,"minecraft:spruce_boat":2,"minecraft:iron_helmet":2,"minecraft:granite":8,"minecraft:bone_meal":2,"minecraft:spruce_sign":2,"minecraft:bread":3,"minecraft:emerald":9,"minecraft:melon_seeds":23,"minecraft:coal":110,"minecraft:diamond_pickaxe":2},"minecraft:killed_by":{"minecraft:enderman":1,"minecraft:ravager":1,"minecraft:vindicator":1},"minecraft:used":{"minecraft:oak_trapdoor":4,"minecraft:beetroot":26,"minecraft:writable_book":1,"minecraft:stone_sword":140,"minecraft:iron_shovel":1019,"minecraft:flint_and_steel":64,"minecraft:ladder":16,"minecraft:chest":8,"minecraft:shield":28,"minecraft:iron_sword":117,"minecraft:torch":85,"minecraft:dirt":188,"minecraft:snowball":16,"minecraft:spruce_boat":3,"minecraft:glass":388,"minecraft:lantern":14,"minecraft:melon_seeds":3,"minecraft:diamond_chestplate":1,"minecraft:beef":14,"minecraft:ominous_bottle":1,"minecraft:furnace":5,"minecraft:beetroot_seeds":94,"minecraft:egg":2,"minecraft:cooked_beef":4,"minecraft:potato":38,"minecraft:cobbled_deepslate":13,"minecraft:golden_axe":32,"minecraft:beetroot_soup":2,"minecraft:diorite":10,"minecraft:sandstone_stairs":2,"minecraft:rabbit":1,"minecraft:stone_pickaxe":191,"minecraft:oak_planks":433,"minecraft:cut_sandstone":198,"minecraft:wooden_pickaxe":6,"minecraft:sandstone":17,"minecraft:salmon":27,"minecraft:sand":2,"minecraft:cut_sandstone_slab":92,"minecraft:crafting_table":11,"minecraft:campfire":4,"minecraft:cod":2,"minecraft:pumpkin_seeds":3,"minecraft:wooden_hoe":4,"minecraft:diamond_pickaxe":3,"minecraft:cyan_bed":2,"minecraft:chicken":2,"minecraft:iron_pickaxe":499,"minecraft:melon_slice":12,"minecraft:bread":10,"minecraft:gravel":56,"minecraft:stone_axe":171,"minecraft:diamond_sword":86,"minecraft:cobblestone":28,"minecraft:white_banner":1,"minecraft:porkchop":10,"minecraft:andesite":4,"minecraft:pumpkin_pie":1}},"DataVersion":3955}