{"stats":{"minecraft:crafted":{"minecraft:oak_planks":112,"minecraft:cut_sandstone":252,"minecraft:cut_sandstone_slab":42,"minecraft:flint_and_steel":1,"minecraft:oak_trapdoor":2,"minecraft:glass":399,"minecraft:stone_pickaxe":2,"minecraft:chest":2,"minecraft:spruce_boat":1,"minecraft:golden_boots":1,"minecraft:sugar":3,"minecraft:diamond_sword":1,"minecraft:crafting_table":2,"minecraft:spruce_planks":48,"minecraft:iron_helmet":1,"minecraft:wooden_pickaxe":1,"minecraft:iron_sword":1,"minecraft:campfire":4,"minecraft:stone_axe":1,"minecraft:wooden_hoe":1,"minecraft:golden_leggings":1,"minecraft:diamond_pickaxe":1,"minecraft:shield":1,"minecraft:stick":40,"minecraft:iron_ingot":31,"minecraft:iron_pickaxe":1,"minecraft:stone_sword":2,"minecraft:iron_shovel":5,"minecraft:gold_ingot":15,"minecraft:sandstone":99,"minecraft:pumpkin_pie":1,"minecraft:torch":48,"minecraft:sandstone_stairs":4,"minecraft:diamond_chestplate":1},"minecraft:broken":{"minecraft:iron_shovel":3,"minecraft:stone_sword":1,"minecraft:flint_and_steel":1,"minecraft:stone_pickaxe":1,"minecraft:golden_axe":1,"minecraft:stone_axe":1,"minecraft:iron_pickaxe":2},"minecraft:mined":{"minecraft:tuff":16,"minecraft:cut_sandstone_slab":20,"minecraft:attached_melon_stem":1,"minecraft:mossy_cobblestone":1,"minecraft:deepslate_diamond_ore":13,"minecraft:sea_lantern":1,"minecraft:glow_lichen":2,"minecraft:granite":8,"minecraft:dark_oak_fence":4,"minecraft:grass_block":3,"minecraft:sandstone":213,"minecraft:spawner":3,"minecraft:large_fern":2,"minecraft:oak_trapdoor":2,"minecraft:furnace":2,"minecraft:iron_ore":16,"minecraft:andesite":4,"minecraft:pumpkin":3,"minecraft:deepslate_lapis_ore":3,"minecraft:deepslate_iron_ore":15,"minecraft:stone":167,"minecraft:white_banner":1,"minecraft:deepslate_redstone_ore":21,"minecraft:cut_sandstone":18,"minecraft:melon_stem":2,"minecraft:oak_fence":2,"minecraft:crafting_table":8,"minecraft:torch":15,"minecraft:short_grass":1,"minecraft:melon":3,"minecraft:copper_ore":1,"minecraft:lapis_ore":4,"minecraft:deepslate_gold_ore":28,"minecraft:sugar_cane":2,"minecraft:oak_planks":6,"minecraft:diorite":11,"minecraft:wall_torch":7,"minecraft:wheat":1,"minecraft:spruce_log":12,"minecraft:pumpkin_stem":2,"minecraft:oak_log":40,"minecraft:coal_ore":46,"minecraft:beetroots":19,"minecraft:sand":938,"minecraft:gravel":42,"minecraft:dirt":107,"minecraft:cobweb":26,"minecraft:oak_leaves":3,"minecraft:deepslate":56},"minecraft:dropped":{"minecraft:mossy_cobblestone":2,"minecraft:oak_fence":2,"minecraft:feather":5,"minecraft:leather":6,"minecraft:cod":1,"minecraft:dirt":4,"minecraft:seagrass":2,"minecraft:snowball":21,"minecraft:bone_meal":2,"minecraft:sugar":2,"minecraft:spruce_sapling":2,"minecraft:bone":6,"minecraft:sugar_cane":4,"minecraft:stone_sword":1,"minecraft:bowl":3,"minecraft:tuff":11,"minecraft:rotten_flesh":13,"minecraft:oak_planks":2,"minecraft:pumpkin_seeds":6,"minecraft:poppy":2,"minecraft:gunpowder":2,"minecraft:melon_seeds":3,"minecraft:spider_eye":2,"minecraft:wooden_pickaxe":1,"minecraft:stone_pickaxe":2},"minecraft:custom":{"minecraft:mob_kills":100,"minecraft:interact_with_crafting_table":40,"minecraft:leave_game":4,"minecraft:time_since_death":194031,"minecraft:sprint_one_cm":542268,"minecraft:walk_one_cm":1023963,"minecraft:damage_blocked_by_shield":755,"minecraft:drop":46,"minecraft:talked_to_villager":3,"minecraft:raid_win":1,"minecraft:play_time":316719,"minecraft:sneak_time":9253,"minecraft:deaths":3,"minecraft:walk_under_water_one_cm":384932,"minecraft:boat_one_cm":339616,"minecraft:jump":3285,"minecraft:interact_with_blast_furnace":1,"minecraft:walk_on_water_one_cm":125627,"minecraft:total_world_time":316719,"minecraft:interact_with_furnace":61,"minecraft:raid_trigger":1,"minecraft:sleep_in_bed":14,"minecraft:time_since_rest":51487,"minecraft:damage_taken":2476,"minecraft:damage_dealt":15377,"minecraft:swim_one_cm":199135,"minecraft:fly_one_cm":580425,"minecraft:open_chest":66,"minecraft:crouch_one_cm":11229,"minecraft:fall_one_cm":38305},"minecraft:killed":{"minecraft:cave_spider":2,"minecraft:spider":7,"minecraft:vindicator":1,"minecraft:skeleton":2,"minecraft:chicken":2,"minecraft:drowned":1,"minecraft:turtle":4,"minecraft:pig":4,"minecraft:salmon":28,"minecraft:rabbit":1,"minecraft:bat":1,"minecraft:creeper":1,"minecraft:squid":1,"minecraft:polar_bear":5,"minecraft:pillager":11,"minecraft:zombie":17,"minecraft:enderman":1,"minecraft:cow":8},"minecraft:picked_up":{"minecraft:seagrass":6,"minecraft:crafting_table":11,"minecraft:ominous_bottle":1,"minecraft:chicken":2,"minecraft:diamond_sword":2,"minecraft:lead":2,"minecraft:enchanted_book":2,"minecraft:shield":2,"minecraft:music_disc_cat":2,"minecraft:string":99,"minecraft:oak_trapdoor":2,"minecraft:flint_and_steel":1,"minecraft:beetroot_soup":2,"minecraft:beetroot":10,"minecraft:cobbled_deepslate":188,"minecraft:spruce_planks":69,"minecraft:beef":14,"minecraft:poppy":4,"minecraft:iron_pickaxe":4,"minecraft:melon_slice":12,"minecraft:sugar_cane":11,"minecraft:furnace":8,"minecraft:egg":2,"minecraft:stick":21,"minecraft:raw_iron":39,"minecraft:sandstone":211,"minecraft:oak_fence":2,"minecraft:torch":101,"minecraft:bowl":1,"minecraft:snow_block":3,"minecraft:porkchop":10,"minecraft:golden_axe":1,"minecraft:diorite":10,"minecraft:redstone":337,"minecraft:prismarine_crystals":2,"minecraft:stone_sword":1,"minecraft:rotten_flesh":16,"minecraft:diamond_chestplate":2,"minecraft:beetroot_seeds":67,"minecraft:gold_ingot":18,"minecraft:cod":3,"minecraft:snowball":69,"minecraft:cobblestone":445,"minecraft:cooked_beef":4,"minecraft:feather":5,"minecraft:andesite":4,"minecraft:salmon":27,"minecraft:cut_sandstone":18,"minecraft:leather":6,"minecraft:golden_leggings":2,"minecraft:potato":21,"minecraft:flint":10,"minecraft:tuff":11,"minecraft:oak_log":40,"minecraft:golden_boots":2,"minecraft:gunpowder":14,"minecraft:lapis_lazuli":163,"minecraft:cut_sandstone_slab":22,"minecraft:dirt":110,"minecraft:white_banner":12,"minecraft:name_tag":2,"minecraft:bone":5,"minecraft:raw_gold":54,"minecraft:iron_ingot":8,"minecraft:stone_pickaxe":2,"minecraft:rabbit":1,"minecraft:iron_sword":2,"minecraft:oak_planks":8,"minecraft:pumpkin":3,"minecraft:gravel":56,"minecraft:sand":938,"minecraft:spruce_sapling":12,"minecraft:spruce_log":12,"minecraft:spider_eye":2,"minecraft:mossy_cobblestone":2,"minecraft:pumpkin_seeds":15,"minecraft:diamond":13,"minecraft:spruce_boat":1,"minecraft:iron_helmet":2,"minecraft:granite":8,"minecraft:bone_meal":2,"minecraft:bread":3,"minecraft:emerald":3,"minecraft:melon_seeds":16,"minecraft:coal":101,"minecraft:diamond_pickaxe":2},"minecraft:killed_by":{"minecraft:enderman":1,"minecraft:ravager":1,"minecraft:vindicator":1},"minecraft:used":{"minecraft:oak_trapdoor":4,"minecraft:beetroot":10,"minecraft:stone_sword":140,"minecraft:iron_shovel":990,"minecraft:flint_and_steel":64,"minecraft:chest":2,"minecraft:shield":28,"minecraft:iron_sword":117,"minecraft:torch":85,"minecraft:dirt":134,"minecraft:snowball":16,"minecraft:spruce_boat":2,"minecraft:glass":388,"minecraft:melon_seeds":3,"minecraft:diamond_chestplate":1,"minecraft:beef":14,"minecraft:ominous_bottle":1,"minecraft:furnace":3,"minecraft:beetroot_seeds":49,"minecraft:egg":2,"minecraft:cooked_beef":3,"minecraft:potato":38,"minecraft:cobbled_deepslate":13,"minecraft:golden_axe":32,"minecraft:beetroot_soup":2,"minecraft:diorite":10,"minecraft:sandstone_stairs":2,"minecraft:rabbit":1,"minecraft:stone_pickaxe":191,"minecraft:oak_planks":76,"minecraft:cut_sandstone":174,"minecraft:wooden_pickaxe":6,"minecraft:sandstone":17,"minecraft:salmon":27,"minecraft:sand":2,"minecraft:cut_sandstone_slab":64,"minecraft:crafting_table":10,"minecraft:campfire":4,"minecraft:cod":2,"minecraft:pumpkin_seeds":3,"minecraft:wooden_hoe":4,"minecraft:chicken":2,"minecraft:iron_pickaxe":499,"minecraft:melon_slice":12,"minecraft:bread":10,"minecraft:gravel":56,"minecraft:stone_axe":89,"minecraft:diamond_sword":83,"minecraft:cobblestone":28,"minecraft:white_banner":1,"minecraft:porkchop":10,"minecraft:andesite":4,"minecraft:pumpkin_pie":1}},"DataVersion":3955}