{"stats":{"minecraft:crafted":{"minecraft:crafting_table":2,"minecraft:spruce_planks":48,"minecraft:iron_helmet":1,"minecraft:wooden_pickaxe":1,"minecraft:iron_sword":1,"minecraft:stone_axe":1,"minecraft:flint_and_steel":1,"minecraft:golden_leggings":1,"minecraft:stick":24,"minecraft:iron_pickaxe":1,"minecraft:iron_ingot":12,"minecraft:stone_pickaxe":2,"minecraft:stone_sword":2,"minecraft:gold_ingot":15,"minecraft:torch":48,"minecraft:golden_boots":1,"minecraft:diamond_chestplate":1},"minecraft:broken":{"minecraft:stone_pickaxe":1,"minecraft:stone_sword":1,"minecraft:stone_axe":1,"minecraft:flint_and_steel":1},"minecraft:mined":{"minecraft:deepslate_redstone_ore":21,"minecraft:tuff":16,"minecraft:mossy_cobblestone":1,"minecraft:deepslate_diamond_ore":13,"minecraft:torch":9,"minecraft:oak_fence":2,"minecraft:crafting_table":4,"minecraft:glow_lichen":1,"minecraft:granite":8,"minecraft:grass_block":2,"minecraft:copper_ore":1,"minecraft:deepslate_gold_ore":28,"minecraft:lapis_ore":4,"minecraft:oak_planks":1,"minecraft:sugar_cane":1,"minecraft:spawner":3,"minecraft:wall_torch":6,"minecraft:large_fern":2,"minecraft:furnace":2,"minecraft:iron_ore":1,"minecraft:spruce_log":12,"minecraft:andesite":4,"minecraft:deepslate_lapis_ore":3,"minecraft:coal_ore":36,"minecraft:deepslate_iron_ore":15,"minecraft:gravel":42,"minecraft:dirt":2,"minecraft:cobweb":26,"minecraft:stone":92,"minecraft:deepslate":54},"minecraft:dropped":{"minecraft:stone_sword":1,"minecraft:mossy_cobblestone":2,"minecraft:bowl":3,"minecraft:tuff":11,"minecraft:oak_fence":2,"minecraft:oak_planks":2,"minecraft:rotten_flesh":11,"minecraft:cod":1,"minecraft:dirt":4,"minecraft:gunpowder":2,"minecraft:snowball":5,"minecraft:bone_meal":2,"minecraft:stone_pickaxe":2,"minecraft:wooden_pickaxe":1,"minecraft:bone":6,"minecraft:spruce_sapling":2},"minecraft:custom":{"minecraft:interact_with_furnace":14,"minecraft:mob_kills":43,"minecraft:interact_with_crafting_table":16,"minecraft:leave_game":2,"minecraft:time_since_death":49915,"minecraft:sleep_in_bed":1,"minecraft:time_since_rest":49944,"minecraft:sprint_one_cm":192809,"minecraft:damage_taken":1283,"minecraft:walk_one_cm":455293,"minecraft:drop":28,"minecraft:damage_dealt":7741,"minecraft:swim_one_cm":12828,"minecraft:fly_one_cm":112333,"minecraft:open_chest":6,"minecraft:crouch_one_cm":3437,"minecraft:play_time":94388,"minecraft:deaths":1,"minecraft:sneak_time":2492,"minecraft:walk_under_water_one_cm":17668,"minecraft:jump":927,"minecraft:interact_with_blast_furnace":1,"minecraft:walk_on_water_one_cm":11039,"minecraft:total_world_time":94388,"minecraft:fall_one_cm":7760},"minecraft:killed":{"minecraft:cave_spider":2,"minecraft:pig":1,"minecraft:salmon":7,"minecraft:rabbit":1,"minecraft:spider":7,"minecraft:bat":1,"minecraft:creeper":1,"minecraft:squid":1,"minecraft:polar_bear":5,"minecraft:skeleton":1,"minecraft:zombie":16},"minecraft:picked_up":{"minecraft:crafting_table":5,"minecraft:andesite":4,"minecraft:salmon":8,"minecraft:potato":21,"minecraft:flint":4,"minecraft:tuff":11,"minecraft:gunpowder":6,"minecraft:lapis_lazuli":63,"minecraft:string":31,"minecraft:dirt":9,"minecraft:flint_and_steel":1,"minecraft:beetroot_soup":2,"minecraft:bone":5,"minecraft:cobbled_deepslate":64,"minecraft:raw_gold":28,"minecraft:spruce_planks":29,"minecraft:stone_pickaxe":2,"minecraft:rabbit":1,"minecraft:sugar_cane":8,"minecraft:oak_planks":3,"minecraft:egg":1,"minecraft:furnace":4,"minecraft:stick":13,"minecraft:raw_iron":16,"minecraft:oak_fence":2,"minecraft:torch":60,"minecraft:bowl":1,"minecraft:gravel":56,"minecraft:snow_block":1,"minecraft:porkchop":5,"minecraft:spruce_sapling":12,"minecraft:spruce_log":12,"minecraft:redstone":103,"minecraft:spider_eye":2,"minecraft:mossy_cobblestone":2,"minecraft:stone_sword":1,"minecraft:rotten_flesh":14,"minecraft:diamond":13,"minecraft:beetroot_seeds":4,"minecraft:granite":8,"minecraft:bone_meal":2,"minecraft:bread":3,"minecraft:cod":3,"minecraft:coal":43,"minecraft:snowball":37,"minecraft:cobblestone":130},"minecraft:killed_by":{"minecraft:enderman":1},"minecraft:used":{"minecraft:stone_sword":140,"minecraft:flint_and_steel":64,"minecraft:rabbit":1,"minecraft:stone_pickaxe":191,"minecraft:wooden_pickaxe":6,"minecraft:iron_sword":35,"minecraft:salmon":8,"minecraft:torch":73,"minecraft:dirt":4,"minecraft:crafting_table":5,"minecraft:cod":2,"minecraft:bread":10,"minecraft:iron_pickaxe":130,"minecraft:gravel":27,"minecraft:stone_axe":71,"minecraft:cobblestone":9,"minecraft:furnace":1,"minecraft:porkchop":5,"minecraft:egg":1,"minecraft:potato":21,"minecraft:beetroot_soup":2}},"DataVersion":3955}