{"stats":{"minecraft:mined":{"minecraft:deepslate_redstone_ore":21,"minecraft:tuff":16,"minecraft:mossy_cobblestone":1,"minecraft:deepslate_diamond_ore":13,"minecraft:glow_lichen":2,"minecraft:oak_fence":2,"minecraft:crafting_table":5,"minecraft:torch":15,"minecraft:granite":8,"minecraft:grass_block":3,"minecraft:copper_ore":1,"minecraft:deepslate_gold_ore":28,"minecraft:lapis_ore":4,"minecraft:oak_planks":1,"minecraft:sugar_cane":1,"minecraft:diorite":11,"minecraft:wall_torch":7,"minecraft:spawner":3,"minecraft:large_fern":2,"minecraft:furnace":2,"minecraft:wheat":1,"minecraft:iron_ore":1,"minecraft:spruce_log":12,"minecraft:pumpkin":1,"minecraft:andesite":4,"minecraft:deepslate_lapis_ore":3,"minecraft:coal_ore":36,"minecraft:deepslate_iron_ore":15,"minecraft:gravel":42,"minecraft:dirt":12,"minecraft:cobweb":26,"minecraft:stone":162,"minecraft:deepslate":56},"minecraft:broken":{"minecraft:stone_pickaxe":1,"minecraft:stone_sword":1,"minecraft:stone_axe":1,"minecraft:flint_and_steel":1},"minecraft:killed_by":{"minecraft:enderman":1},"minecraft:used":{"minecraft:diorite":10,"minecraft:stone_sword":140,"minecraft:flint_and_steel":64,"minecraft:rabbit":1,"minecraft:stone_pickaxe":191,"minecraft:shield":5,"minecraft:wooden_pickaxe":6,"minecraft:iron_sword":35,"minecraft:torch":81,"minecraft:salmon":8,"minecraft:dirt":15,"minecraft:crafting_table":6,"minecraft:cod":2,"minecraft:bread":10,"minecraft:iron_pickaxe":216,"minecraft:gravel":56,"minecraft:stone_axe":71,"minecraft:diamond_sword":11,"minecraft:cobblestone":28,"minecraft:furnace":1,"minecraft:porkchop":5,"minecraft:andesite":4,"minecraft:egg":1,"minecraft:potato":21,"minecraft:beetroot_soup":2},"minecraft:custom":{"minecraft:interact_with_furnace":14,"minecraft:mob_kills":46,"minecraft:interact_with_crafting_table":18,"minecraft:leave_game":2,"minecraft:time_since_death":65512,"minecraft:sleep_in_bed":2,"minecraft:time_since_rest":116,"minecraft:sprint_one_cm":192809,"minecraft:damage_taken":1305,"minecraft:walk_one_cm":552113,"minecraft:damage_blocked_by_shield":140,"minecraft:drop":30,"minecraft:damage_dealt":8519,"minecraft:swim_one_cm":12828,"minecraft:fly_one_cm":113663,"minecraft:open_chest":7,"minecraft:crouch_one_cm":3447,"minecraft:play_time":109985,"minecraft:deaths":1,"minecraft:sneak_time":2539,"minecraft:walk_under_water_one_cm":18357,"minecraft:jump":1210,"minecraft:interact_with_blast_furnace":1,"minecraft:walk_on_water_one_cm":11305,"minecraft:total_world_time":109985,"minecraft:fall_one_cm":8656},"minecraft:crafted":{"minecraft:diamond_sword":1,"minecraft:crafting_table":2,"minecraft:spruce_planks":48,"minecraft:iron_helmet":1,"minecraft:wooden_pickaxe":1,"minecraft:iron_sword":1,"minecraft:stone_axe":1,"minecraft:flint_and_steel":1,"minecraft:diamond_pickaxe":1,"minecraft:golden_leggings":1,"minecraft:shield":1,"minecraft:stick":24,"minecraft:stone_pickaxe":2,"minecraft:iron_ingot":12,"minecraft:iron_pickaxe":1,"minecraft:stone_sword":2,"minecraft:gold_ingot":15,"minecraft:torch":48,"minecraft:golden_boots":1,"minecraft:diamond_chestplate":1},"minecraft:dropped":{"minecraft:sugar_cane":4,"minecraft:stone_sword":1,"minecraft:mossy_cobblestone":2,"minecraft:bowl":3,"minecraft:tuff":11,"minecraft:oak_fence":2,"minecraft:rotten_flesh":11,"minecraft:oak_planks":2,"minecraft:cod":1,"minecraft:dirt":4,"minecraft:gunpowder":2,"minecraft:snowball":21,"minecraft:bone_meal":2,"minecraft:stone_pickaxe":2,"minecraft:wooden_pickaxe":1,"minecraft:bone":6,"minecraft:spruce_sapling":2},"minecraft:picked_up":{"minecraft:crafting_table":6,"minecraft:ominous_bottle":1,"minecraft:andesite":4,"minecraft:salmon":8,"minecraft:potato":21,"minecraft:flint":4,"minecraft:tuff":11,"minecraft:gunpowder":6,"minecraft:white_banner":1,"minecraft:lapis_lazuli":63,"minecraft:dirt":20,"minecraft:string":31,"minecraft:flint_and_steel":1,"minecraft:beetroot_soup":2,"minecraft:bone":5,"minecraft:cobbled_deepslate":64,"minecraft:raw_gold":28,"minecraft:spruce_planks":29,"minecraft:stone_pickaxe":2,"minecraft:rabbit":1,"minecraft:sugar_cane":8,"minecraft:oak_planks":3,"minecraft:furnace":4,"minecraft:egg":1,"minecraft:stick":13,"minecraft:raw_iron":16,"minecraft:pumpkin":1,"minecraft:oak_fence":2,"minecraft:torch":67,"minecraft:bowl":1,"minecraft:gravel":56,"minecraft:snow_block":1,"minecraft:porkchop":5,"minecraft:spruce_sapling":12,"minecraft:diorite":10,"minecraft:spruce_log":12,"minecraft:redstone":103,"minecraft:spider_eye":2,"minecraft:mossy_cobblestone":2,"minecraft:stone_sword":1,"minecraft:rotten_flesh":14,"minecraft:diamond":13,"minecraft:beetroot_seeds":4,"minecraft:granite":8,"minecraft:bone_meal":2,"minecraft:bread":3,"minecraft:cod":3,"minecraft:coal":43,"minecraft:snowball":37,"minecraft:cobblestone":200},"minecraft:killed":{"minecraft:cave_spider":2,"minecraft:pig":1,"minecraft:salmon":7,"minecraft:rabbit":1,"minecraft:spider":7,"minecraft:bat":1,"minecraft:creeper":1,"minecraft:squid":1,"minecraft:polar_bear":5,"minecraft:skeleton":2,"minecraft:pillager":2,"minecraft:zombie":16}},"DataVersion":3955}