{"stats":{"minecraft:mined":{"minecraft:large_fern":10,"minecraft:grass_block":9,"minecraft:sweet_berry_bush":4,"minecraft:spruce_leaves":2,"minecraft:fern":1},"minecraft:used":{"minecraft:sweet_berries":8},"minecraft:custom":{"minecraft:time_since_rest":2838,"minecraft:crouch_one_cm":271,"minecraft:sprint_one_cm":12432,"minecraft:play_time":2838,"minecraft:damage_taken":100,"minecraft:walk_one_cm":8305,"minecraft:sneak_time":33,"minecraft:drop":1,"minecraft:jump":61,"minecraft:damage_dealt":10,"minecraft:leave_game":2,"minecraft:time_since_death":2838,"minecraft:walk_on_water_one_cm":515,"minecraft:total_world_time":2838,"minecraft:fly_one_cm":21409,"minecraft:fall_one_cm":2454},"minecraft:dropped":{"minecraft:wheat_seeds":1},"minecraft:picked_up":{"minecraft:sweet_berries":8,"minecraft:wheat_seeds":1,"minecraft:dirt":8}},"DataVersion":3955}