{"stats":{"minecraft:used":{"minecraft:stone_sword":112,"minecraft:tropical_fish":1,"minecraft:stone_pickaxe":19,"minecraft:oak_planks":1,"minecraft:wooden_pickaxe":46,"minecraft:shield":5,"minecraft:iron_chestplate":1,"minecraft:torch":18,"minecraft:dirt":20,"minecraft:crafting_table":4,"minecraft:snowball":8,"minecraft:iron_pickaxe":32,"minecraft:iron_helmet":1,"minecraft:iron_boots":1,"minecraft:spruce_sapling":6,"minecraft:gravel":10,"minecraft:stone_axe":36,"minecraft:cobblestone":1,"minecraft:bow":67,"minecraft:diamond_sword":12,"minecraft:sweet_berries":15,"minecraft:furnace":1,"minecraft:cooked_beef":15,"minecraft:cobbled_deepslate":7,"minecraft:iron_leggings":1},"minecraft:picked_up":{"minecraft:crafting_table":5,"minecraft:chicken":1,"minecraft:clay_ball":4,"minecraft:glow_ink_sac":2,"minecraft:smithing_table":1,"minecraft:potato":14,"minecraft:wooden_pickaxe":2,"minecraft:dirt":23,"minecraft:string":37,"minecraft:red_bed":1,"minecraft:bone":6,"minecraft:bow":1,"minecraft:wheat_seeds":6,"minecraft:cobbled_deepslate":15,"minecraft:raw_gold":6,"minecraft:spruce_planks":1,"minecraft:lectern":1,"minecraft:oak_planks":1,"minecraft:furnace":1,"minecraft:book":33,"minecraft:stick":5,"minecraft:raw_iron":4,"minecraft:sweet_berries":33,"minecraft:torch":1,"minecraft:gravel":22,"minecraft:spruce_sapling":10,"minecraft:blast_furnace":1,"minecraft:spruce_log":19,"minecraft:redstone":19,"minecraft:spider_eye":1,"minecraft:arrow":69,"minecraft:rotten_flesh":17,"minecraft:diamond":5,"minecraft:tropical_fish":1,"minecraft:glow_berries":4,"minecraft:snowball":8,"minecraft:coal":25,"minecraft:rail":3,"minecraft:cobblestone":31},"minecraft:dropped":{"minecraft:gravel":12,"minecraft:wheat_seeds":6,"minecraft:cooked_beef":11,"minecraft:cobbled_deepslate":8,"minecraft:crafting_table":1,"minecraft:rotten_flesh":17,"minecraft:glow_berries":4,"minecraft:clay_ball":4,"minecraft:rail":3,"minecraft:stick":1,"minecraft:dirt":3,"minecraft:beetroot_seeds":1,"minecraft:spider_eye":1,"minecraft:arrow":64,"minecraft:wooden_pickaxe":3,"minecraft:spruce_sapling":4},"minecraft:killed":{"minecraft:pig":1,"minecraft:spider":3,"minecraft:creeper":3,"minecraft:skeleton":10,"minecraft:zombie":18,"minecraft:chicken":1},"minecraft:custom":{"minecraft:interact_with_furnace":1,"minecraft:mob_kills":36,"minecraft:interact_with_crafting_table":5,"minecraft:leave_game":6,"minecraft:time_since_death":136475,"minecraft:sleep_in_bed":3,"minecraft:climb_one_cm":6,"minecraft:time_since_rest":9134,"minecraft:sprint_one_cm":240334,"minecraft:damage_taken":1018,"minecraft:walk_one_cm":384449,"minecraft:damage_blocked_by_shield":150,"minecraft:drop":43,"minecraft:damage_dealt":4206,"minecraft:talked_to_villager":21,"minecraft:swim_one_cm":22123,"minecraft:fly_one_cm":605491,"minecraft:open_chest":7,"minecraft:crouch_one_cm":16916,"minecraft:play_time":136475,"minecraft:sneak_time":10043,"minecraft:walk_under_water_one_cm":17359,"minecraft:jump":1339,"minecraft:walk_on_water_one_cm":28259,"minecraft:total_world_time":136475,"minecraft:fall_one_cm":30572},"minecraft:mined":{"minecraft:smithing_table":1,"minecraft:deepslate_redstone_ore":4,"minecraft:spruce_planks":1,"minecraft:glass_pane":1,"minecraft:red_bed":1,"minecraft:deepslate_diamond_ore":1,"minecraft:clay":2,"minecraft:crafting_table":5,"minecraft:short_grass":1,"minecraft:blast_furnace":1,"minecraft:grass_block":13,"minecraft:lectern":1,"minecraft:spruce_leaves":21,"minecraft:deepslate_gold_ore":6,"minecraft:oak_planks":1,"minecraft:wall_torch":1,"minecraft:large_fern":17,"minecraft:spore_blossom":1,"minecraft:furnace":1,"minecraft:wheat":7,"minecraft:iron_ore":3,"minecraft:sweet_berry_bush":15,"minecraft:ice":16,"minecraft:spruce_log":20,"minecraft:bookshelf":11,"minecraft:potatoes":10,"minecraft:coal_ore":26,"minecraft:deepslate_iron_ore":1,"minecraft:rail":1,"minecraft:gravel":8,"minecraft:dirt":11,"minecraft:cobweb":31,"minecraft:stone":24,"minecraft:deepslate":16,"minecraft:fern":2},"minecraft:crafted":{"minecraft:diamond_sword":1,"minecraft:crafting_table":1,"minecraft:spruce_planks":60,"minecraft:wooden_pickaxe":1,"minecraft:furnace":1,"minecraft:stone_axe":1,"minecraft:bow":1,"minecraft:diamond_pickaxe":1,"minecraft:shield":1,"minecraft:stick":8,"minecraft:iron_ingot":2,"minecraft:stone_pickaxe":1,"minecraft:stone_sword":1,"minecraft:torch":4}},"DataVersion":3955}