{"stats":{"minecraft:crafted":{"minecraft:furnace":1,"minecraft:diamond_shovel":1,"minecraft:bow":1,"minecraft:stone_pickaxe":2,"minecraft:chest":1,"minecraft:spruce_boat":1,"minecraft:diamond_sword":1,"minecraft:crafting_table":1,"minecraft:spruce_planks":60,"minecraft:wooden_pickaxe":1,"minecraft:stone_axe":2,"minecraft:diamond_pickaxe":1,"minecraft:shield":1,"minecraft:stick":16,"minecraft:iron_ingot":3,"minecraft:stone_sword":1,"minecraft:torch":4},"minecraft:picked_up":{"minecraft:crafting_table":8,"minecraft:chicken":1,"minecraft:clay_ball":4,"minecraft:smithing_table":1,"minecraft:wooden_pickaxe":2,"minecraft:string":39,"minecraft:red_bed":1,"minecraft:cobbled_deepslate":15,"minecraft:spruce_planks":3,"minecraft:lectern":1,"minecraft:birch_sapling":2,"minecraft:furnace":1,"minecraft:raw_iron":4,"minecraft:stick":10,"minecraft:torch":1,"minecraft:redstone":19,"minecraft:arrow":69,"minecraft:rotten_flesh":24,"minecraft:tropical_fish":1,"minecraft:glow_berries":4,"minecraft:snowball":8,"minecraft:rail":3,"minecraft:cobblestone":41,"minecraft:stripped_oak_log":2,"minecraft:glow_ink_sac":2,"minecraft:potato":14,"minecraft:oak_log":68,"minecraft:gunpowder":1,"minecraft:dirt":129,"minecraft:bone":8,"minecraft:apple":5,"minecraft:bow":1,"minecraft:wheat_seeds":6,"minecraft:raw_gold":6,"minecraft:oak_planks":1,"minecraft:book":33,"minecraft:sweet_berries":48,"minecraft:gravel":23,"minecraft:blast_furnace":1,"minecraft:spruce_sapling":13,"minecraft:spruce_log":19,"minecraft:spider_eye":1,"minecraft:diamond":5,"minecraft:oak_sapling":9,"minecraft:coal":48},"minecraft:custom":{"minecraft:mob_kills":58,"minecraft:interact_with_crafting_table":11,"minecraft:leave_game":8,"minecraft:time_since_death":255781,"minecraft:climb_one_cm":6,"minecraft:sprint_one_cm":387674,"minecraft:walk_one_cm":591271,"minecraft:damage_blocked_by_shield":150,"minecraft:drop":69,"minecraft:talked_to_villager":22,"minecraft:play_time":255781,"minecraft:sneak_time":16018,"minecraft:walk_under_water_one_cm":32495,"minecraft:boat_one_cm":457855,"minecraft:jump":2295,"minecraft:walk_on_water_one_cm":95789,"minecraft:total_world_time":255781,"minecraft:interact_with_furnace":2,"minecraft:sleep_in_bed":7,"minecraft:time_since_rest":2875,"minecraft:damage_taken":1441,"minecraft:damage_dealt":6853,"minecraft:fly_one_cm":770793,"minecraft:swim_one_cm":26530,"minecraft:open_chest":14,"minecraft:crouch_one_cm":31363,"minecraft:fall_one_cm":48483},"minecraft:mined":{"minecraft:spruce_planks":3,"minecraft:oak_sapling":1,"minecraft:deepslate_diamond_ore":1,"minecraft:grass_block":50,"minecraft:spruce_leaves":33,"minecraft:large_fern":17,"minecraft:spore_blossom":1,"minecraft:furnace":1,"minecraft:iron_ore":3,"minecraft:bookshelf":11,"minecraft:potatoes":10,"minecraft:deepslate_iron_ore":1,"minecraft:rail":1,"minecraft:stone":35,"minecraft:smithing_table":1,"minecraft:deepslate_redstone_ore":4,"minecraft:glass_pane":1,"minecraft:red_bed":1,"minecraft:clay":2,"minecraft:crafting_table":8,"minecraft:short_grass":4,"minecraft:blast_furnace":1,"minecraft:lectern":1,"minecraft:deepslate_gold_ore":6,"minecraft:oak_planks":1,"minecraft:wall_torch":1,"minecraft:sweet_berry_bush":27,"minecraft:wheat":7,"minecraft:ice":16,"minecraft:spruce_log":20,"minecraft:birch_leaves":2,"minecraft:coal_ore":49,"minecraft:oak_log":68,"minecraft:gravel":9,"minecraft:dirt":97,"minecraft:cobweb":31,"minecraft:oak_leaves":32,"minecraft:deepslate":16,"minecraft:fern":3},"minecraft:killed":{"minecraft:spider":5,"minecraft:skeleton":12,"minecraft:chicken":1,"minecraft:wolf":1,"minecraft:pig":1,"minecraft:creeper":4,"minecraft:zombie":29},"minecraft:used":{"minecraft:stone_sword":112,"minecraft:tropical_fish":1,"minecraft:spruce_planks":18,"minecraft:chest":1,"minecraft:shield":5,"minecraft:iron_chestplate":1,"minecraft:torch":22,"minecraft:dirt":75,"minecraft:snowball":8,"minecraft:spruce_boat":1,"minecraft:glass":32,"minecraft:birch_sapling":2,"minecraft:iron_helmet":1,"minecraft:iron_boots":1,"minecraft:bow":91,"minecraft:sweet_berries":15,"minecraft:wolf_spawn_egg":1,"minecraft:furnace":1,"minecraft:oak_sapling":4,"minecraft:cooked_beef":23,"minecraft:cobbled_deepslate":7,"minecraft:iron_leggings":1,"minecraft:water_bucket":13,"minecraft:stone_pickaxe":48,"minecraft:oak_planks":1,"minecraft:wooden_pickaxe":46,"minecraft:crafting_table":8,"minecraft:red_bed":1,"minecraft:oak_log":453,"minecraft:diamond_pickaxe":11,"minecraft:apple":1,"minecraft:diamond_shovel":121,"minecraft:iron_pickaxe":33,"minecraft:spruce_sapling":7,"minecraft:gravel":10,"minecraft:stone_axe":129,"minecraft:diamond_sword":58,"minecraft:cobblestone":1},"minecraft:dropped":{"minecraft:wheat_seeds":6,"minecraft:cooked_beef":22,"minecraft:crafting_table":1,"minecraft:golden_axe":1,"minecraft:glow_berries":4,"minecraft:rail":3,"minecraft:stick":2,"minecraft:dirt":3,"minecraft:spruce_sapling":6,"minecraft:bone":6,"minecraft:gravel":12,"minecraft:stone_axe":1,"minecraft:iron_nugget":4,"minecraft:cobbled_deepslate":8,"minecraft:chicken":1,"minecraft:rotten_flesh":17,"minecraft:clay_ball":4,"minecraft:stripped_oak_log":1,"minecraft:beetroot_seeds":1,"minecraft:oak_sapling":4,"minecraft:spider_eye":1,"minecraft:arrow":64,"minecraft:wooden_pickaxe":3}},"DataVersion":3955}