{"stats":{"minecraft:used":{"minecraft:stone_sword":112,"minecraft:tropical_fish":1,"minecraft:stone_pickaxe":43,"minecraft:oak_planks":1,"minecraft:spruce_planks":18,"minecraft:wooden_pickaxe":46,"minecraft:shield":5,"minecraft:iron_chestplate":1,"minecraft:torch":18,"minecraft:dirt":21,"minecraft:red_bed":1,"minecraft:crafting_table":7,"minecraft:snowball":8,"minecraft:oak_log":4,"minecraft:spruce_boat":1,"minecraft:diamond_pickaxe":7,"minecraft:apple":1,"minecraft:iron_pickaxe":33,"minecraft:iron_helmet":1,"minecraft:iron_boots":1,"minecraft:spruce_sapling":6,"minecraft:gravel":10,"minecraft:stone_axe":104,"minecraft:cobblestone":1,"minecraft:bow":80,"minecraft:diamond_sword":54,"minecraft:sweet_berries":15,"minecraft:wolf_spawn_egg":1,"minecraft:oak_sapling":3,"minecraft:furnace":1,"minecraft:cooked_beef":21,"minecraft:cobbled_deepslate":7,"minecraft:iron_leggings":1},"minecraft:picked_up":{"minecraft:crafting_table":7,"minecraft:chicken":1,"minecraft:clay_ball":4,"minecraft:glow_ink_sac":2,"minecraft:smithing_table":1,"minecraft:potato":14,"minecraft:wooden_pickaxe":2,"minecraft:oak_log":45,"minecraft:gunpowder":1,"minecraft:dirt":24,"minecraft:string":39,"minecraft:red_bed":1,"minecraft:bone":8,"minecraft:apple":4,"minecraft:bow":1,"minecraft:wheat_seeds":6,"minecraft:cobbled_deepslate":15,"minecraft:raw_gold":6,"minecraft:spruce_planks":3,"minecraft:lectern":1,"minecraft:oak_planks":1,"minecraft:furnace":1,"minecraft:book":33,"minecraft:stick":6,"minecraft:raw_iron":4,"minecraft:sweet_berries":48,"minecraft:torch":1,"minecraft:gravel":22,"minecraft:spruce_sapling":13,"minecraft:blast_furnace":1,"minecraft:spruce_log":19,"minecraft:redstone":19,"minecraft:spider_eye":1,"minecraft:arrow":69,"minecraft:rotten_flesh":24,"minecraft:diamond":5,"minecraft:tropical_fish":1,"minecraft:oak_sapling":7,"minecraft:glow_berries":4,"minecraft:snowball":8,"minecraft:coal":48,"minecraft:rail":3,"minecraft:cobblestone":32},"minecraft:dropped":{"minecraft:gravel":12,"minecraft:stone_axe":1,"minecraft:iron_nugget":4,"minecraft:wheat_seeds":6,"minecraft:cooked_beef":11,"minecraft:cobbled_deepslate":8,"minecraft:crafting_table":1,"minecraft:chicken":1,"minecraft:golden_axe":1,"minecraft:rotten_flesh":17,"minecraft:glow_berries":4,"minecraft:clay_ball":4,"minecraft:rail":3,"minecraft:stick":2,"minecraft:dirt":3,"minecraft:beetroot_seeds":1,"minecraft:oak_sapling":4,"minecraft:spider_eye":1,"minecraft:arrow":64,"minecraft:wooden_pickaxe":3,"minecraft:bone":6,"minecraft:spruce_sapling":6},"minecraft:killed":{"minecraft:wolf":1,"minecraft:pig":1,"minecraft:spider":5,"minecraft:creeper":4,"minecraft:skeleton":12,"minecraft:zombie":28,"minecraft:chicken":1},"minecraft:custom":{"minecraft:interact_with_furnace":1,"minecraft:mob_kills":57,"minecraft:interact_with_crafting_table":9,"minecraft:leave_game":7,"minecraft:time_since_death":215768,"minecraft:sleep_in_bed":4,"minecraft:climb_one_cm":6,"minecraft:time_since_rest":9490,"minecraft:sprint_one_cm":365532,"minecraft:damage_taken":1357,"minecraft:walk_one_cm":510381,"minecraft:damage_blocked_by_shield":150,"minecraft:drop":57,"minecraft:damage_dealt":6629,"minecraft:talked_to_villager":22,"minecraft:swim_one_cm":23581,"minecraft:fly_one_cm":754442,"minecraft:open_chest":7,"minecraft:crouch_one_cm":20767,"minecraft:play_time":215768,"minecraft:sneak_time":11500,"minecraft:walk_under_water_one_cm":21175,"minecraft:boat_one_cm":457855,"minecraft:jump":2061,"minecraft:walk_on_water_one_cm":38243,"minecraft:total_world_time":215768,"minecraft:fall_one_cm":45106},"minecraft:mined":{"minecraft:smithing_table":1,"minecraft:deepslate_redstone_ore":4,"minecraft:oak_sapling":1,"minecraft:spruce_planks":3,"minecraft:glass_pane":1,"minecraft:red_bed":1,"minecraft:deepslate_diamond_ore":1,"minecraft:clay":2,"minecraft:crafting_table":7,"minecraft:short_grass":4,"minecraft:blast_furnace":1,"minecraft:grass_block":14,"minecraft:lectern":1,"minecraft:spruce_leaves":33,"minecraft:deepslate_gold_ore":6,"minecraft:oak_planks":1,"minecraft:wall_torch":1,"minecraft:large_fern":17,"minecraft:spore_blossom":1,"minecraft:furnace":1,"minecraft:wheat":7,"minecraft:iron_ore":3,"minecraft:sweet_berry_bush":27,"minecraft:ice":16,"minecraft:spruce_log":20,"minecraft:oak_log":45,"minecraft:bookshelf":11,"minecraft:potatoes":10,"minecraft:coal_ore":49,"minecraft:deepslate_iron_ore":1,"minecraft:rail":1,"minecraft:gravel":8,"minecraft:dirt":11,"minecraft:cobweb":31,"minecraft:stone":26,"minecraft:oak_leaves":27,"minecraft:deepslate":16,"minecraft:fern":3},"minecraft:crafted":{"minecraft:diamond_sword":1,"minecraft:crafting_table":1,"minecraft:spruce_planks":60,"minecraft:wooden_pickaxe":1,"minecraft:furnace":1,"minecraft:stone_axe":2,"minecraft:bow":1,"minecraft:diamond_pickaxe":1,"minecraft:shield":1,"minecraft:stick":12,"minecraft:iron_ingot":3,"minecraft:stone_pickaxe":2,"minecraft:stone_sword":1,"minecraft:spruce_boat":1,"minecraft:torch":4}},"DataVersion":3955}