{"stats":{"minecraft:broken":{"minecraft:stone_hoe":1,"minecraft:stone_pickaxe":2,"minecraft:iron_pickaxe":2},"minecraft:mined":{"minecraft:spruce_planks":3,"minecraft:oak_sapling":1,"minecraft:farmland":3,"minecraft:deepslate_diamond_ore":1,"minecraft:grass_block":156,"minecraft:spruce_leaves":33,"minecraft:moss_block":8,"minecraft:sandstone":47,"minecraft:large_fern":17,"minecraft:spore_blossom":1,"minecraft:furnace":1,"minecraft:iron_ore":5,"minecraft:andesite":55,"minecraft:bookshelf":11,"minecraft:potatoes":10,"minecraft:deepslate_iron_ore":1,"minecraft:rail":1,"minecraft:stone":490,"minecraft:smithing_table":1,"minecraft:deepslate_redstone_ore":4,"minecraft:glass_pane":1,"minecraft:red_bed":1,"minecraft:clay":2,"minecraft:crafting_table":8,"minecraft:torch":2,"minecraft:short_grass":5,"minecraft:blast_furnace":1,"minecraft:lectern":1,"minecraft:glass":8,"minecraft:cobblestone":19,"minecraft:deepslate_gold_ore":6,"minecraft:oak_planks":1,"minecraft:wall_torch":2,"minecraft:wheat":7,"minecraft:sweet_berry_bush":27,"minecraft:ice":16,"minecraft:spruce_log":20,"minecraft:birch_leaves":2,"minecraft:stone_brick_stairs":2,"minecraft:oak_log":80,"minecraft:coal_ore":70,"minecraft:gravel":35,"minecraft:sand":139,"minecraft:dirt":494,"minecraft:cobweb":31,"minecraft:oak_leaves":42,"minecraft:deepslate":16,"minecraft:fern":3},"minecraft:custom":{"minecraft:mob_kills":64,"minecraft:interact_with_crafting_table":26,"minecraft:leave_game":11,"minecraft:time_since_death":413881,"minecraft:climb_one_cm":6,"minecraft:sprint_one_cm":610929,"minecraft:walk_one_cm":1178923,"minecraft:damage_blocked_by_shield":150,"minecraft:drop":75,"minecraft:talked_to_villager":22,"minecraft:play_time":413881,"minecraft:sneak_time":19680,"minecraft:walk_under_water_one_cm":72906,"minecraft:boat_one_cm":457855,"minecraft:jump":3619,"minecraft:walk_on_water_one_cm":131860,"minecraft:total_world_time":413881,"minecraft:interact_with_furnace":39,"minecraft:interact_with_stonecutter":4,"minecraft:sleep_in_bed":9,"minecraft:time_since_rest":45724,"minecraft:damage_taken":1922,"minecraft:damage_dealt":8096,"minecraft:swim_one_cm":29296,"minecraft:fly_one_cm":979200,"minecraft:open_chest":22,"minecraft:crouch_one_cm":39118,"minecraft:fall_one_cm":75584},"minecraft:used":{"minecraft:stone_sword":112,"minecraft:tropical_fish":1,"minecraft:chest":1,"minecraft:spruce_planks":18,"minecraft:shield":5,"minecraft:stone_hoe":204,"minecraft:iron_chestplate":1,"minecraft:torch":43,"minecraft:dirt":704,"minecraft:snowball":8,"minecraft:glass":34,"minecraft:spruce_boat":1,"minecraft:birch_sapling":2,"minecraft:iron_helmet":1,"minecraft:iron_boots":1,"minecraft:stone_brick_stairs":36,"minecraft:stone_bricks":14,"minecraft:bow":95,"minecraft:sweet_berries":15,"minecraft:wolf_spawn_egg":1,"minecraft:oak_sapling":4,"minecraft:furnace":4,"minecraft:cooked_beef":30,"minecraft:cobbled_deepslate":7,"minecraft:iron_leggings":1,"minecraft:water_bucket":43,"minecraft:stone_pickaxe":270,"minecraft:oak_planks":9,"minecraft:wooden_pickaxe":46,"minecraft:sandstone":28,"minecraft:stonecutter":1,"minecraft:sand":130,"minecraft:crafting_table":8,"minecraft:red_bed":1,"minecraft:white_bed":1,"minecraft:sponge":7,"minecraft:oak_log":466,"minecraft:diamond_pickaxe":11,"minecraft:apple":5,"minecraft:diamond_shovel":722,"minecraft:iron_pickaxe":414,"minecraft:spruce_sapling":7,"minecraft:gravel":11,"minecraft:stone_axe":152,"minecraft:diamond_sword":78,"minecraft:cobblestone":86,"minecraft:bucket":31,"minecraft:stripped_oak_log":47},"minecraft:dropped":{"minecraft:wheat_seeds":8,"minecraft:cooked_beef":26,"minecraft:crafting_table":1,"minecraft:golden_axe":1,"minecraft:cobblestone":64,"minecraft:glow_berries":4,"minecraft:rail":3,"minecraft:stick":2,"minecraft:dirt":3,"minecraft:bucket":1,"minecraft:spruce_sapling":6,"minecraft:bone":6,"minecraft:gravel":12,"minecraft:stone_axe":1,"minecraft:iron_nugget":4,"minecraft:cobbled_deepslate":8,"minecraft:chicken":1,"minecraft:rotten_flesh":17,"minecraft:clay_ball":4,"minecraft:diamond_shovel":1,"minecraft:stripped_oak_log":1,"minecraft:beetroot_seeds":1,"minecraft:oak_sapling":4,"minecraft:spider_eye":1,"minecraft:arrow":64,"minecraft:wooden_pickaxe":3},"minecraft:crafted":{"minecraft:smooth_stone":9,"minecraft:oak_planks":4,"minecraft:furnace":4,"minecraft:stone":209,"minecraft:diamond_shovel":1,"minecraft:bow":1,"minecraft:stone_pickaxe":2,"minecraft:chest":1,"minecraft:spruce_boat":1,"minecraft:stone_hoe":2,"minecraft:diamond_sword":1,"minecraft:crafting_table":1,"minecraft:spruce_planks":60,"minecraft:wooden_pickaxe":1,"minecraft:stone_axe":2,"minecraft:air":0,"minecraft:white_wool":3,"minecraft:diamond_pickaxe":1,"minecraft:shield":1,"minecraft:stick":16,"minecraft:iron_ingot":5,"minecraft:stone_sword":1,"minecraft:stonecutter":1,"minecraft:white_bed":1,"minecraft:torch":16},"minecraft:picked_up":{"minecraft:crafting_table":8,"minecraft:chicken":1,"minecraft:clay_ball":4,"minecraft:smithing_table":1,"minecraft:wooden_pickaxe":2,"minecraft:stone_brick_stairs":2,"minecraft:string":39,"minecraft:red_bed":1,"minecraft:cobbled_deepslate":15,"minecraft:spruce_planks":3,"minecraft:iron_pickaxe":1,"minecraft:lectern":1,"minecraft:birch_sapling":2,"minecraft:furnace":1,"minecraft:stick":11,"minecraft:raw_iron":6,"minecraft:sandstone":44,"minecraft:torch":6,"minecraft:redstone":79,"minecraft:arrow":72,"minecraft:rotten_flesh":26,"minecraft:tropical_fish":1,"minecraft:glow_berries":4,"minecraft:snowball":8,"minecraft:rail":3,"minecraft:cobblestone":518,"minecraft:stripped_oak_log":2,"minecraft:glow_ink_sac":2,"minecraft:andesite":55,"minecraft:potato":14,"minecraft:oak_log":80,"minecraft:gunpowder":2,"minecraft:dirt":669,"minecraft:bone":9,"minecraft:apple":7,"minecraft:bow":1,"minecraft:wheat_seeds":8,"minecraft:raw_gold":6,"minecraft:moss_block":8,"minecraft:oak_planks":1,"minecraft:book":33,"minecraft:sweet_berries":48,"minecraft:gravel":51,"minecraft:sand":140,"minecraft:blast_furnace":1,"minecraft:spruce_sapling":13,"minecraft:spruce_log":19,"minecraft:spider_eye":1,"minecraft:sugar":2,"minecraft:diamond":5,"minecraft:oak_sapling":12,"minecraft:coal":69},"minecraft:killed":{"minecraft:witch":1,"minecraft:spider":5,"minecraft:skeleton":14,"minecraft:chicken":1,"minecraft:wolf":1,"minecraft:pig":1,"minecraft:creeper":5,"minecraft:zombie":31}},"DataVersion":3955}