{"stats":{"minecraft:broken":{"minecraft:stone_pickaxe":1},"minecraft:mined":{"minecraft:spruce_planks":3,"minecraft:oak_sapling":1,"minecraft:deepslate_diamond_ore":1,"minecraft:grass_block":142,"minecraft:spruce_leaves":33,"minecraft:sandstone":4,"minecraft:large_fern":17,"minecraft:spore_blossom":1,"minecraft:furnace":1,"minecraft:iron_ore":3,"minecraft:bookshelf":11,"minecraft:potatoes":10,"minecraft:deepslate_iron_ore":1,"minecraft:rail":1,"minecraft:stone":261,"minecraft:smithing_table":1,"minecraft:deepslate_redstone_ore":4,"minecraft:glass_pane":1,"minecraft:red_bed":1,"minecraft:clay":2,"minecraft:crafting_table":8,"minecraft:torch":1,"minecraft:short_grass":5,"minecraft:blast_furnace":1,"minecraft:lectern":1,"minecraft:glass":8,"minecraft:cobblestone":1,"minecraft:deepslate_gold_ore":6,"minecraft:oak_planks":1,"minecraft:wall_torch":1,"minecraft:sweet_berry_bush":27,"minecraft:wheat":7,"minecraft:ice":16,"minecraft:spruce_log":20,"minecraft:birch_leaves":2,"minecraft:oak_log":72,"minecraft:coal_ore":49,"minecraft:sand":36,"minecraft:gravel":20,"minecraft:dirt":334,"minecraft:cobweb":31,"minecraft:oak_leaves":37,"minecraft:deepslate":16,"minecraft:fern":3},"minecraft:custom":{"minecraft:mob_kills":62,"minecraft:interact_with_crafting_table":12,"minecraft:leave_game":9,"minecraft:time_since_death":310166,"minecraft:climb_one_cm":6,"minecraft:sprint_one_cm":444116,"minecraft:walk_one_cm":813322,"minecraft:damage_blocked_by_shield":150,"minecraft:drop":69,"minecraft:talked_to_villager":22,"minecraft:play_time":310166,"minecraft:sneak_time":16950,"minecraft:walk_under_water_one_cm":48272,"minecraft:boat_one_cm":457855,"minecraft:jump":2671,"minecraft:walk_on_water_one_cm":111954,"minecraft:total_world_time":310166,"minecraft:interact_with_furnace":2,"minecraft:sleep_in_bed":8,"minecraft:time_since_rest":36153,"minecraft:damage_taken":1626,"minecraft:damage_dealt":7595,"minecraft:fly_one_cm":819892,"minecraft:swim_one_cm":27466,"minecraft:open_chest":15,"minecraft:crouch_one_cm":32798,"minecraft:fall_one_cm":54886},"minecraft:used":{"minecraft:stone_sword":112,"minecraft:tropical_fish":1,"minecraft:chest":1,"minecraft:spruce_planks":18,"minecraft:shield":5,"minecraft:iron_chestplate":1,"minecraft:torch":29,"minecraft:dirt":393,"minecraft:snowball":8,"minecraft:spruce_boat":1,"minecraft:glass":34,"minecraft:birch_sapling":2,"minecraft:iron_helmet":1,"minecraft:iron_boots":1,"minecraft:bow":94,"minecraft:sweet_berries":15,"minecraft:wolf_spawn_egg":1,"minecraft:furnace":1,"minecraft:oak_sapling":4,"minecraft:cooked_beef":26,"minecraft:cobbled_deepslate":7,"minecraft:iron_leggings":1,"minecraft:water_bucket":14,"minecraft:stone_pickaxe":150,"minecraft:oak_planks":9,"minecraft:wooden_pickaxe":46,"minecraft:crafting_table":8,"minecraft:red_bed":1,"minecraft:sponge":7,"minecraft:oak_log":454,"minecraft:diamond_pickaxe":11,"minecraft:apple":1,"minecraft:diamond_shovel":472,"minecraft:iron_pickaxe":164,"minecraft:spruce_sapling":7,"minecraft:gravel":11,"minecraft:stone_axe":136,"minecraft:diamond_sword":70,"minecraft:cobblestone":9,"minecraft:bucket":10},"minecraft:crafted":{"minecraft:furnace":1,"minecraft:diamond_shovel":1,"minecraft:bow":1,"minecraft:stone_pickaxe":2,"minecraft:chest":1,"minecraft:spruce_boat":1,"minecraft:diamond_sword":1,"minecraft:crafting_table":1,"minecraft:spruce_planks":60,"minecraft:wooden_pickaxe":1,"minecraft:stone_axe":2,"minecraft:diamond_pickaxe":1,"minecraft:shield":1,"minecraft:stick":16,"minecraft:iron_ingot":3,"minecraft:stone_sword":1,"minecraft:torch":4},"minecraft:dropped":{"minecraft:wheat_seeds":6,"minecraft:cooked_beef":22,"minecraft:crafting_table":1,"minecraft:golden_axe":1,"minecraft:glow_berries":4,"minecraft:rail":3,"minecraft:stick":2,"minecraft:dirt":3,"minecraft:spruce_sapling":6,"minecraft:bone":6,"minecraft:gravel":12,"minecraft:stone_axe":1,"minecraft:iron_nugget":4,"minecraft:cobbled_deepslate":8,"minecraft:chicken":1,"minecraft:rotten_flesh":17,"minecraft:clay_ball":4,"minecraft:stripped_oak_log":1,"minecraft:beetroot_seeds":1,"minecraft:oak_sapling":4,"minecraft:spider_eye":1,"minecraft:arrow":64,"minecraft:wooden_pickaxe":3},"minecraft:picked_up":{"minecraft:crafting_table":8,"minecraft:chicken":1,"minecraft:clay_ball":4,"minecraft:smithing_table":1,"minecraft:wooden_pickaxe":2,"minecraft:string":39,"minecraft:red_bed":1,"minecraft:cobbled_deepslate":15,"minecraft:spruce_planks":3,"minecraft:lectern":1,"minecraft:birch_sapling":2,"minecraft:furnace":1,"minecraft:sandstone":2,"minecraft:raw_iron":4,"minecraft:stick":10,"minecraft:torch":3,"minecraft:redstone":19,"minecraft:arrow":72,"minecraft:rotten_flesh":26,"minecraft:tropical_fish":1,"minecraft:glow_berries":4,"minecraft:snowball":8,"minecraft:rail":3,"minecraft:cobblestone":267,"minecraft:stripped_oak_log":2,"minecraft:glow_ink_sac":2,"minecraft:potato":14,"minecraft:oak_log":72,"minecraft:gunpowder":1,"minecraft:dirt":480,"minecraft:bone":9,"minecraft:apple":6,"minecraft:bow":1,"minecraft:wheat_seeds":7,"minecraft:raw_gold":6,"minecraft:oak_planks":1,"minecraft:book":33,"minecraft:sweet_berries":48,"minecraft:gravel":36,"minecraft:sand":34,"minecraft:blast_furnace":1,"minecraft:spruce_sapling":13,"minecraft:spruce_log":19,"minecraft:spider_eye":1,"minecraft:diamond":5,"minecraft:oak_sapling":11,"minecraft:coal":48},"minecraft:killed":{"minecraft:spider":5,"minecraft:skeleton":14,"minecraft:chicken":1,"minecraft:wolf":1,"minecraft:pig":1,"minecraft:creeper":4,"minecraft:zombie":31}},"DataVersion":3955}