{"stats":{"minecraft:broken":{"minecraft:stone_pickaxe":2,"minecraft:stone_hoe":1,"minecraft:iron_pickaxe":2},"minecraft:mined":{"minecraft:spruce_planks":3,"minecraft:oak_sapling":1,"minecraft:farmland":3,"minecraft:granite":209,"minecraft:grass_block":156,"minecraft:chiseled_tuff_bricks":3,"minecraft:tuff_bricks":26,"minecraft:spawner":2,"minecraft:iron_ore":66,"minecraft:fire":2,"minecraft:deepslate_lapis_ore":3,"minecraft:deepslate_redstone_ore":10,"minecraft:red_bed":1,"minecraft:powder_snow":6,"minecraft:clay":2,"minecraft:torch":8,"minecraft:blast_furnace":1,"minecraft:glass":8,"minecraft:cobblestone":37,"minecraft:oak_planks":5,"minecraft:wall_torch":7,"minecraft:deepslate_copper_ore":2,"minecraft:waxed_copper_bulb":1,"minecraft:wheat":33,"minecraft:waxed_copper_block":3,"minecraft:stone_brick_stairs":2,"minecraft:oak_log":80,"minecraft:beetroots":88,"minecraft:waxed_oxidized_copper":1,"minecraft:sand":139,"minecraft:dirt":496,"minecraft:oak_leaves":46,"minecraft:deepslate":46,"minecraft:diamond_ore":2,"minecraft:tuff":19,"minecraft:deepslate_diamond_ore":2,"minecraft:oak_door":4,"minecraft:glow_lichen":8,"minecraft:ladder":1,"minecraft:decorated_pot":17,"minecraft:heavy_core":2,"minecraft:spruce_leaves":36,"minecraft:moss_block":10,"minecraft:sandstone":47,"minecraft:large_fern":18,"minecraft:spore_blossom":1,"minecraft:furnace":1,"minecraft:waxed_copper_grate":5,"minecraft:andesite":55,"minecraft:chiseled_tuff":1,"minecraft:bookshelf":11,"minecraft:potatoes":10,"minecraft:deepslate_iron_ore":8,"minecraft:rail":1,"minecraft:stone":1248,"minecraft:smithing_table":1,"minecraft:waxed_exposed_copper_bulb":1,"minecraft:glass_pane":1,"minecraft:crafting_table":13,"minecraft:short_grass":9,"minecraft:lectern":1,"minecraft:copper_ore":48,"minecraft:lapis_ore":22,"minecraft:deepslate_gold_ore":18,"minecraft:diorite":31,"minecraft:waxed_oxidized_copper_grate":1,"minecraft:sweet_berry_bush":27,"minecraft:ice":16,"minecraft:spruce_log":24,"minecraft:birch_leaves":2,"minecraft:coal_ore":109,"minecraft:gravel":36,"minecraft:flower_pot":1,"minecraft:cobweb":42,"minecraft:stone_bricks":4,"minecraft:gold_ore":19,"minecraft:fern":3},"minecraft:custom":{"minecraft:interact_with_crafting_table":46,"minecraft:open_barrel":23,"minecraft:leave_game":13,"minecraft:time_since_death":121451,"minecraft:sprint_one_cm":1350588,"minecraft:damage_blocked_by_shield":890,"minecraft:drop":383,"minecraft:talked_to_villager":22,"minecraft:play_time":760460,"minecraft:deaths":1,"minecraft:jump":6663,"minecraft:walk_on_water_one_cm":203474,"minecraft:interact_with_furnace":94,"minecraft:sleep_in_bed":14,"minecraft:damage_dealt":30337,"minecraft:player_kills":1,"minecraft:crouch_one_cm":55646,"minecraft:inspect_dispenser":8,"minecraft:mob_kills":530,"minecraft:climb_one_cm":14846,"minecraft:walk_one_cm":2503361,"minecraft:sneak_time":26742,"minecraft:walk_under_water_one_cm":155565,"minecraft:boat_one_cm":545491,"minecraft:interact_with_blast_furnace":2,"minecraft:total_world_time":760460,"minecraft:interact_with_stonecutter":5,"minecraft:time_since_rest":18216,"minecraft:damage_taken":6441,"minecraft:swim_one_cm":117163,"minecraft:fly_one_cm":1641705,"minecraft:open_chest":122,"minecraft:fall_one_cm":152605},"minecraft:used":{"minecraft:moss_block":1,"minecraft:tuff_bricks":10,"minecraft:heavy_core":2,"minecraft:chest":3,"minecraft:shield":40,"minecraft:stone":1,"minecraft:mossy_stone_brick_slab":2,"minecraft:iron_chestplate":1,"minecraft:snowball":8,"minecraft:honey_bottle":2,"minecraft:milk_bucket":1,"minecraft:spruce_boat":3,"minecraft:glass":34,"minecraft:waxed_oxidized_copper":1,"minecraft:lava_bucket":3,"minecraft:lantern":1,"minecraft:birch_sapling":2,"minecraft:iron_helmet":1,"minecraft:stone_brick_stairs":38,"minecraft:stone_bricks":214,"minecraft:vault":30,"minecraft:bow":384,"minecraft:ominous_bottle":2,"minecraft:written_book":6,"minecraft:sweet_berries":19,"minecraft:furnace":7,"minecraft:oak_sapling":5,"minecraft:beetroot_seeds":1,"minecraft:egg":3,"minecraft:stone_pickaxe":270,"minecraft:oak_planks":71,"minecraft:ender_pearl":1,"minecraft:wooden_pickaxe":46,"minecraft:sandstone":28,"minecraft:glow_berries":14,"minecraft:sand":130,"minecraft:blast_furnace":1,"minecraft:sponge":147,"minecraft:stone_brick_wall":1,"minecraft:shears":1,"minecraft:bread":4,"minecraft:gravel":13,"minecraft:chiseled_tuff_bricks":2,"minecraft:diamond_sword":632,"minecraft:bone_meal":35,"minecraft:cobweb":1,"minecraft:oak_fence":1,"minecraft:stone_sword":112,"minecraft:tropical_fish":1,"minecraft:spruce_planks":18,"minecraft:stone_hoe":206,"minecraft:trial_key":11,"minecraft:oak_door":8,"minecraft:torch":181,"minecraft:dirt":785,"minecraft:granite":67,"minecraft:wooden_axe":27,"minecraft:iron_axe":4,"minecraft:iron_boots":1,"minecraft:wolf_spawn_egg":5,"minecraft:cooked_beef":74,"minecraft:cobbled_deepslate":10,"minecraft:iron_leggings":1,"minecraft:wheat_seeds":70,"minecraft:water_bucket":71,"minecraft:baked_potato":8,"minecraft:stonecutter":1,"minecraft:waxed_copper_block":1,"minecraft:crafting_table":15,"minecraft:red_bed":1,"minecraft:white_bed":1,"minecraft:oak_log":475,"minecraft:diamond_pickaxe":1358,"minecraft:apple":6,"minecraft:ominous_trial_key":4,"minecraft:diamond_shovel":725,"minecraft:wind_charge":7,"minecraft:iron_pickaxe":414,"minecraft:spruce_sapling":7,"minecraft:stone_axe":165,"minecraft:cobblestone":131,"minecraft:potion":4,"minecraft:bucket":63,"minecraft:stripped_oak_log":47},"minecraft:crafted":{"minecraft:smooth_stone":9,"minecraft:oak_planks":32,"minecraft:slime_block":18,"minecraft:stone":661,"minecraft:diamond_shovel":2,"minecraft:bow":1,"minecraft:chest":3,"minecraft:stone_hoe":3,"minecraft:oak_fence":3,"minecraft:emerald":9,"minecraft:crafting_table":2,"minecraft:spruce_planks":76,"minecraft:wooden_pickaxe":1,"minecraft:emerald_block":6,"minecraft:diamond_pickaxe":1,"minecraft:shield":1,"minecraft:stick":20,"minecraft:iron_ingot":8,"minecraft:stone_sword":1,"minecraft:shears":2,"minecraft:oak_door":6,"minecraft:furnace":7,"minecraft:bone_meal":36,"minecraft:stone_pickaxe":2,"minecraft:spruce_boat":3,"minecraft:coal_block":11,"minecraft:diamond_sword":1,"minecraft:stone_axe":2,"minecraft:air":0,"minecraft:white_wool":3,"minecraft:stonecutter":1,"minecraft:white_bed":1,"minecraft:torch":16},"minecraft:dropped":{"minecraft:guster_pottery_sherd":3,"minecraft:moss_block":64,"minecraft:lapis_lazuli":84,"minecraft:cooked_beef":73,"minecraft:baked_potato":2,"minecraft:ender_pearl":1,"minecraft:glass_bottle":11,"minecraft:crafting_table":3,"minecraft:decorated_pot":6,"minecraft:glow_berries":4,"minecraft:lantern":16,"minecraft:rail":3,"minecraft:emerald":2,"minecraft:dirt":5,"minecraft:phantom_membrane":1,"minecraft:bone":84,"minecraft:oak_door":1,"minecraft:gravel":31,"minecraft:red_glazed_terracotta":1,"minecraft:stone_axe":1,"minecraft:iron_nugget":4,"minecraft:cooked_chicken":1,"minecraft:cobbled_deepslate":8,"minecraft:beetroot":1,"minecraft:rotten_flesh":50,"minecraft:oak_planks":141,"minecraft:diamond_shovel":2,"minecraft:waxed_copper_block":1,"minecraft:tipped_arrow":12,"minecraft:gunpowder":2,"minecraft:beetroot_seeds":1,"minecraft:chest":2,"minecraft:chiseled_tuff":1,"minecraft:arrow":64,"minecraft:scaffolding":11,"minecraft:egg":1,"minecraft:wheat_seeds":9,"minecraft:iron_helmet":1,"minecraft:golden_axe":1,"minecraft:cobblestone":96,"minecraft:lead":1,"minecraft:granite":1,"minecraft:ominous_trial_key":1,"minecraft:stick":2,"minecraft:diorite":6,"minecraft:wooden_axe":1,"minecraft:potion":2,"minecraft:iron_leggings":1,"minecraft:iron_axe":3,"minecraft:string":15,"minecraft:bucket":1,"minecraft:spruce_sapling":6,"minecraft:redstone":33,"minecraft:tuff_bricks":5,"minecraft:raw_copper":42,"minecraft:bamboo_hanging_sign":2,"minecraft:chicken":1,"minecraft:clay_ball":4,"minecraft:iron_boots":1,"minecraft:stripped_oak_log":1,"minecraft:shears":2,"minecraft:trial_key":2,"minecraft:oak_sapling":4,"minecraft:spider_eye":1,"minecraft:stone_bricks":2,"minecraft:slime_ball":144,"minecraft:bow":4,"minecraft:waxed_exposed_copper_bulb":2,"minecraft:wooden_pickaxe":3,"minecraft:raw_gold":6,"minecraft:cyan_bed":1,"minecraft:waxed_oxidized_copper_grate":2,"minecraft:brick":13},"minecraft:picked_up":{"minecraft:iron_chestplate":1,"minecraft:wheat":48,"minecraft:smithing_table":1,"minecraft:lead":2,"minecraft:diamond_sword":1,"minecraft:enchanted_book":3,"minecraft:potion":11,"minecraft:stone_brick_stairs":2,"minecraft:string":145,"minecraft:raw_copper":290,"minecraft:iron_leggings":1,"minecraft:beetroot":148,"minecraft:cobbled_deepslate":41,"minecraft:spruce_planks":3,"minecraft:trial_key":12,"minecraft:azalea":1,"minecraft:iron_pickaxe":1,"minecraft:furnace":1,"minecraft:tipped_arrow":53,"minecraft:stick":12,"minecraft:torch":33,"minecraft:diorite":33,"minecraft:honey_bottle":1,"minecraft:rotten_flesh":66,"minecraft:tropical_fish":1,"minecraft:snowball":8,"minecraft:cobblestone":1538,"minecraft:cooked_beef":32,"minecraft:water_bucket":2,"minecraft:andesite":56,"minecraft:potato":14,"minecraft:flint":1,"minecraft:lapis_lazuli":225,"minecraft:dirt":836,"minecraft:lantern":1,"minecraft:bone":126,"minecraft:bow":7,"minecraft:wheat_seeds":80,"minecraft:raw_gold":37,"minecraft:bolt_armor_trim_smithing_template":1,"minecraft:moss_block":16,"minecraft:oak_planks":76,"minecraft:stone_hoe":1,"minecraft:glow_lichen":16,"minecraft:sand":140,"minecraft:ink_sac":2,"minecraft:sugar":2,"minecraft:diamond":18,"minecraft:spruce_boat":1,"minecraft:waxed_oxidized_copper_grate":2,"minecraft:crossbow":1,"minecraft:granite":208,"minecraft:bone_meal":1,"minecraft:emerald":31,"minecraft:bread":5,"minecraft:oak_sapling":16,"minecraft:ominous_trial_key":5,"minecraft:diamond_pickaxe":1,"minecraft:crafting_table":17,"minecraft:ominous_bottle":1,"minecraft:chicken":1,"minecraft:clay_ball":20,"minecraft:wooden_pickaxe":2,"minecraft:shield":1,"minecraft:brick":13,"minecraft:wind_charge":17,"minecraft:flow_banner_pattern":3,"minecraft:iron_axe":4,"minecraft:red_bed":1,"minecraft:chiseled_tuff":1,"minecraft:lectern":1,"minecraft:guster_pottery_sherd":3,"minecraft:chest":1,"minecraft:birch_sapling":2,"minecraft:waxed_oxidized_copper":1,"minecraft:phantom_membrane":2,"minecraft:egg":2,"minecraft:raw_iron":134,"minecraft:sandstone":44,"minecraft:oak_door":3,"minecraft:copper_ingot":2,"minecraft:redstone":112,"minecraft:arrow":307,"minecraft:beetroot_seeds":384,"minecraft:decorated_pot":6,"minecraft:shears":1,"minecraft:tuff_bricks":15,"minecraft:glow_berries":4,"minecraft:rail":3,"minecraft:stripped_oak_log":2,"minecraft:glow_ink_sac":7,"minecraft:leather":4,"minecraft:red_glazed_terracotta":1,"minecraft:birch_planks":12,"minecraft:filled_map":2,"minecraft:oak_log":80,"minecraft:waxed_copper_block":2,"minecraft:gunpowder":30,"minecraft:apple":7,"minecraft:stone_bricks":4,"minecraft:iron_ingot":30,"minecraft:cooked_chicken":1,"minecraft:cobweb":1,"minecraft:glass_bottle":6,"minecraft:book":33,"minecraft:emerald_block":2,"minecraft:pumpkin":5,"minecraft:sweet_berries":54,"minecraft:heavy_core":3,"minecraft:waxed_exposed_copper_bulb":2,"minecraft:dandelion":1,"minecraft:gravel":76,"minecraft:spruce_sapling":13,"minecraft:blast_furnace":1,"minecraft:spruce_log":23,"minecraft:mossy_stone_brick_slab":1,"minecraft:spider_eye":6,"minecraft:slime_ball":250,"minecraft:stone_axe":1,"minecraft:iron_helmet":1,"minecraft:diamond_axe":1,"minecraft:baked_potato":16,"minecraft:chiseled_tuff_bricks":2,"minecraft:coal":130,"minecraft:ender_pearl":2},"minecraft:killed":{"minecraft:witch":2,"minecraft:spider":14,"minecraft:skeleton":41,"minecraft:chicken":2,"minecraft:silverfish":8,"minecraft:wolf":4,"minecraft:pig":1,"minecraft:creeper":14,"minecraft:zombie":83,"minecraft:glow_squid":1,"minecraft:bogged":29,"minecraft:slime":315,"minecraft:phantom":1,"minecraft:drowned":2,"minecraft:bat":2}},"DataVersion":3955}