{"stats":{"minecraft:broken":{"minecraft:stone_hoe":1,"minecraft:stone_pickaxe":2,"minecraft:iron_pickaxe":2},"minecraft:mined":{"minecraft:spruce_planks":3,"minecraft:oak_sapling":1,"minecraft:farmland":3,"minecraft:deepslate_diamond_ore":1,"minecraft:granite":203,"minecraft:grass_block":156,"minecraft:spruce_leaves":36,"minecraft:moss_block":8,"minecraft:sandstone":47,"minecraft:large_fern":18,"minecraft:spore_blossom":1,"minecraft:furnace":1,"minecraft:iron_ore":5,"minecraft:andesite":55,"minecraft:bookshelf":11,"minecraft:potatoes":10,"minecraft:deepslate_iron_ore":1,"minecraft:rail":1,"minecraft:stone":1196,"minecraft:smithing_table":1,"minecraft:deepslate_redstone_ore":4,"minecraft:glass_pane":1,"minecraft:red_bed":1,"minecraft:clay":2,"minecraft:crafting_table":12,"minecraft:torch":3,"minecraft:short_grass":9,"minecraft:blast_furnace":1,"minecraft:lectern":1,"minecraft:glass":8,"minecraft:copper_ore":26,"minecraft:cobblestone":29,"minecraft:deepslate_gold_ore":6,"minecraft:lapis_ore":12,"minecraft:oak_planks":1,"minecraft:diorite":27,"minecraft:wall_torch":2,"minecraft:wheat":33,"minecraft:sweet_berry_bush":27,"minecraft:ice":16,"minecraft:spruce_log":24,"minecraft:birch_leaves":2,"minecraft:stone_brick_stairs":2,"minecraft:oak_log":80,"minecraft:coal_ore":87,"minecraft:beetroots":88,"minecraft:gravel":35,"minecraft:dirt":496,"minecraft:sand":139,"minecraft:cobweb":31,"minecraft:stone_bricks":2,"minecraft:oak_leaves":46,"minecraft:deepslate":16,"minecraft:fern":3},"minecraft:custom":{"minecraft:mob_kills":91,"minecraft:interact_with_crafting_table":39,"minecraft:open_barrel":1,"minecraft:leave_game":13,"minecraft:time_since_death":610460,"minecraft:climb_one_cm":1505,"minecraft:sprint_one_cm":996583,"minecraft:walk_one_cm":1719565,"minecraft:damage_blocked_by_shield":175,"minecraft:drop":183,"minecraft:talked_to_villager":22,"minecraft:play_time":610460,"minecraft:sneak_time":22325,"minecraft:walk_under_water_one_cm":112861,"minecraft:boat_one_cm":545491,"minecraft:jump":5434,"minecraft:interact_with_blast_furnace":2,"minecraft:walk_on_water_one_cm":176908,"minecraft:total_world_time":610460,"minecraft:interact_with_furnace":94,"minecraft:interact_with_stonecutter":5,"minecraft:sleep_in_bed":12,"minecraft:time_since_rest":88005,"minecraft:damage_taken":2449,"minecraft:damage_dealt":11258,"minecraft:swim_one_cm":60635,"minecraft:fly_one_cm":1449070,"minecraft:open_chest":111,"minecraft:crouch_one_cm":44831,"minecraft:fall_one_cm":114775},"minecraft:used":{"minecraft:oak_fence":1,"minecraft:stone_sword":112,"minecraft:tropical_fish":1,"minecraft:chest":3,"minecraft:spruce_planks":18,"minecraft:shield":6,"minecraft:stone":1,"minecraft:mossy_stone_brick_slab":2,"minecraft:stone_hoe":206,"minecraft:iron_chestplate":1,"minecraft:oak_door":2,"minecraft:torch":73,"minecraft:dirt":785,"minecraft:snowball":8,"minecraft:granite":60,"minecraft:glass":34,"minecraft:spruce_boat":3,"minecraft:lantern":1,"minecraft:birch_sapling":2,"minecraft:iron_helmet":1,"minecraft:iron_boots":1,"minecraft:stone_brick_stairs":38,"minecraft:stone_bricks":214,"minecraft:bow":148,"minecraft:written_book":6,"minecraft:sweet_berries":19,"minecraft:wolf_spawn_egg":5,"minecraft:oak_sapling":5,"minecraft:furnace":7,"minecraft:beetroot_seeds":1,"minecraft:egg":3,"minecraft:cooked_beef":44,"minecraft:cobbled_deepslate":7,"minecraft:iron_leggings":1,"minecraft:wheat_seeds":70,"minecraft:water_bucket":43,"minecraft:stone_pickaxe":270,"minecraft:oak_planks":17,"minecraft:ender_pearl":1,"minecraft:wooden_pickaxe":46,"minecraft:sandstone":28,"minecraft:stonecutter":1,"minecraft:sand":130,"minecraft:crafting_table":13,"minecraft:red_bed":1,"minecraft:blast_furnace":1,"minecraft:white_bed":1,"minecraft:sponge":147,"minecraft:stone_brick_wall":1,"minecraft:oak_log":475,"minecraft:diamond_pickaxe":1014,"minecraft:apple":6,"minecraft:diamond_shovel":725,"minecraft:iron_pickaxe":414,"minecraft:gravel":11,"minecraft:spruce_sapling":7,"minecraft:stone_axe":160,"minecraft:diamond_sword":120,"minecraft:cobblestone":96,"minecraft:bucket":31,"minecraft:stripped_oak_log":47,"minecraft:bone_meal":35},"minecraft:dropped":{"minecraft:moss_block":64,"minecraft:wheat_seeds":9,"minecraft:cooked_beef":46,"minecraft:ender_pearl":1,"minecraft:crafting_table":1,"minecraft:golden_axe":1,"minecraft:lead":1,"minecraft:cobblestone":96,"minecraft:glow_berries":4,"minecraft:lantern":16,"minecraft:rail":3,"minecraft:stick":2,"minecraft:dirt":5,"minecraft:phantom_membrane":1,"minecraft:bucket":1,"minecraft:spruce_sapling":6,"minecraft:bone":37,"minecraft:oak_door":1,"minecraft:gravel":30,"minecraft:stone_axe":1,"minecraft:iron_nugget":4,"minecraft:cobbled_deepslate":8,"minecraft:raw_copper":14,"minecraft:beetroot":1,"minecraft:chicken":1,"minecraft:rotten_flesh":19,"minecraft:clay_ball":4,"minecraft:oak_planks":128,"minecraft:diamond_shovel":2,"minecraft:stripped_oak_log":1,"minecraft:shears":1,"minecraft:gunpowder":2,"minecraft:beetroot_seeds":1,"minecraft:oak_sapling":4,"minecraft:chest":2,"minecraft:spider_eye":1,"minecraft:arrow":64,"minecraft:wooden_pickaxe":3,"minecraft:cyan_bed":1,"minecraft:egg":1},"minecraft:crafted":{"minecraft:oak_door":3,"minecraft:smooth_stone":9,"minecraft:oak_planks":32,"minecraft:furnace":7,"minecraft:stone":661,"minecraft:bone_meal":36,"minecraft:diamond_shovel":2,"minecraft:bow":1,"minecraft:stone_pickaxe":2,"minecraft:chest":3,"minecraft:spruce_boat":3,"minecraft:stone_hoe":3,"minecraft:oak_fence":3,"minecraft:diamond_sword":1,"minecraft:crafting_table":2,"minecraft:spruce_planks":76,"minecraft:wooden_pickaxe":1,"minecraft:stone_axe":2,"minecraft:air":0,"minecraft:white_wool":3,"minecraft:diamond_pickaxe":1,"minecraft:shield":1,"minecraft:stick":20,"minecraft:iron_ingot":8,"minecraft:stone_sword":1,"minecraft:stonecutter":1,"minecraft:white_bed":1,"minecraft:torch":16,"minecraft:shears":1},"minecraft:picked_up":{"minecraft:crafting_table":13,"minecraft:wheat":48,"minecraft:chicken":1,"minecraft:clay_ball":20,"minecraft:smithing_table":1,"minecraft:lead":2,"minecraft:wooden_pickaxe":2,"minecraft:enchanted_book":1,"minecraft:stone_brick_stairs":2,"minecraft:string":68,"minecraft:red_bed":1,"minecraft:raw_copper":106,"minecraft:beetroot":148,"minecraft:cobbled_deepslate":38,"minecraft:spruce_planks":3,"minecraft:azalea":1,"minecraft:iron_pickaxe":1,"minecraft:lectern":1,"minecraft:chest":1,"minecraft:birch_sapling":2,"minecraft:furnace":1,"minecraft:phantom_membrane":2,"minecraft:egg":2,"minecraft:stick":11,"minecraft:raw_iron":6,"minecraft:sandstone":44,"minecraft:copper_ingot":2,"minecraft:torch":7,"minecraft:diorite":27,"minecraft:redstone":79,"minecraft:arrow":80,"minecraft:rotten_flesh":36,"minecraft:tropical_fish":1,"minecraft:beetroot_seeds":384,"minecraft:glow_berries":4,"minecraft:snowball":8,"minecraft:rail":3,"minecraft:cobblestone":1376,"minecraft:stripped_oak_log":2,"minecraft:glow_ink_sac":2,"minecraft:andesite":56,"minecraft:leather":4,"minecraft:potato":14,"minecraft:filled_map":2,"minecraft:birch_planks":12,"minecraft:flint":1,"minecraft:oak_log":80,"minecraft:gunpowder":15,"minecraft:lapis_lazuli":77,"minecraft:dirt":836,"minecraft:lantern":1,"minecraft:bone":40,"minecraft:apple":7,"minecraft:stone_bricks":2,"minecraft:bow":2,"minecraft:wheat_seeds":80,"minecraft:raw_gold":6,"minecraft:iron_ingot":4,"minecraft:moss_block":15,"minecraft:stone_hoe":1,"minecraft:oak_planks":9,"minecraft:book":33,"minecraft:pumpkin":5,"minecraft:sweet_berries":54,"minecraft:dandelion":1,"minecraft:gravel":71,"minecraft:sand":140,"minecraft:spruce_sapling":13,"minecraft:blast_furnace":1,"minecraft:ink_sac":2,"minecraft:spruce_log":23,"minecraft:mossy_stone_brick_slab":1,"minecraft:spider_eye":2,"minecraft:sugar":2,"minecraft:diamond":5,"minecraft:spruce_boat":1,"minecraft:granite":200,"minecraft:bone_meal":1,"minecraft:oak_sapling":16,"minecraft:coal":86,"minecraft:ender_pearl":2},"minecraft:killed":{"minecraft:witch":1,"minecraft:spider":6,"minecraft:phantom":1,"minecraft:skeleton":25,"minecraft:chicken":2,"minecraft:drowned":2,"minecraft:wolf":4,"minecraft:pig":1,"minecraft:creeper":10,"minecraft:zombie":34}},"DataVersion":3955}