{"stats":{"minecraft:broken":{"minecraft:stone_hoe":1,"minecraft:stone_pickaxe":2,"minecraft:iron_pickaxe":2},"minecraft:mined":{"minecraft:diamond_ore":1,"minecraft:tuff":19,"minecraft:spruce_planks":3,"minecraft:oak_sapling":1,"minecraft:farmland":3,"minecraft:deepslate_diamond_ore":2,"minecraft:oak_door":4,"minecraft:ladder":1,"minecraft:glow_lichen":8,"minecraft:granite":208,"minecraft:grass_block":156,"minecraft:decorated_pot":15,"minecraft:spruce_leaves":36,"minecraft:tuff_bricks":10,"minecraft:moss_block":8,"minecraft:sandstone":47,"minecraft:spawner":2,"minecraft:large_fern":18,"minecraft:spore_blossom":1,"minecraft:furnace":1,"minecraft:waxed_copper_grate":2,"minecraft:iron_ore":66,"minecraft:andesite":55,"minecraft:deepslate_lapis_ore":3,"minecraft:bookshelf":11,"minecraft:potatoes":10,"minecraft:deepslate_iron_ore":8,"minecraft:rail":1,"minecraft:stone":1240,"minecraft:smithing_table":1,"minecraft:deepslate_redstone_ore":10,"minecraft:glass_pane":1,"minecraft:red_bed":1,"minecraft:powder_snow":6,"minecraft:clay":2,"minecraft:crafting_table":13,"minecraft:torch":6,"minecraft:short_grass":9,"minecraft:blast_furnace":1,"minecraft:lectern":1,"minecraft:glass":8,"minecraft:copper_ore":48,"minecraft:cobblestone":37,"minecraft:deepslate_gold_ore":18,"minecraft:lapis_ore":22,"minecraft:oak_planks":1,"minecraft:diorite":31,"minecraft:wall_torch":3,"minecraft:deepslate_copper_ore":2,"minecraft:wheat":33,"minecraft:sweet_berry_bush":27,"minecraft:ice":16,"minecraft:spruce_log":24,"minecraft:birch_leaves":2,"minecraft:stone_brick_stairs":2,"minecraft:oak_log":80,"minecraft:coal_ore":109,"minecraft:flower_pot":1,"minecraft:beetroots":88,"minecraft:gravel":36,"minecraft:dirt":496,"minecraft:sand":139,"minecraft:cobweb":42,"minecraft:stone_bricks":4,"minecraft:gold_ore":19,"minecraft:oak_leaves":46,"minecraft:deepslate":46,"minecraft:fern":3},"minecraft:custom":{"minecraft:mob_kills":221,"minecraft:interact_with_crafting_table":40,"minecraft:open_barrel":11,"minecraft:leave_game":13,"minecraft:time_since_death":49451,"minecraft:climb_one_cm":4782,"minecraft:sprint_one_cm":1169539,"minecraft:walk_one_cm":2141564,"minecraft:damage_blocked_by_shield":665,"minecraft:drop":295,"minecraft:talked_to_villager":22,"minecraft:deaths":1,"minecraft:play_time":688460,"minecraft:sneak_time":25133,"minecraft:walk_under_water_one_cm":152225,"minecraft:boat_one_cm":545491,"minecraft:jump":6215,"minecraft:interact_with_blast_furnace":2,"minecraft:walk_on_water_one_cm":199535,"minecraft:total_world_time":688460,"minecraft:interact_with_furnace":94,"minecraft:interact_with_stonecutter":5,"minecraft:sleep_in_bed":12,"minecraft:time_since_rest":49557,"minecraft:damage_taken":4547,"minecraft:damage_dealt":21107,"minecraft:swim_one_cm":117163,"minecraft:fly_one_cm":1586272,"minecraft:player_kills":1,"minecraft:open_chest":120,"minecraft:crouch_one_cm":51537,"minecraft:inspect_dispenser":4,"minecraft:fall_one_cm":138075},"minecraft:used":{"minecraft:oak_fence":1,"minecraft:stone_sword":112,"minecraft:tropical_fish":1,"minecraft:chest":3,"minecraft:spruce_planks":18,"minecraft:shield":29,"minecraft:stone":1,"minecraft:trial_key":2,"minecraft:mossy_stone_brick_slab":2,"minecraft:stone_hoe":206,"minecraft:iron_chestplate":1,"minecraft:oak_door":8,"minecraft:torch":179,"minecraft:dirt":785,"minecraft:snowball":8,"minecraft:granite":67,"minecraft:wooden_axe":27,"minecraft:glass":34,"minecraft:spruce_boat":3,"minecraft:lava_bucket":3,"minecraft:lantern":1,"minecraft:birch_sapling":2,"minecraft:iron_helmet":1,"minecraft:iron_boots":1,"minecraft:stone_brick_stairs":38,"minecraft:stone_bricks":214,"minecraft:bow":244,"minecraft:written_book":6,"minecraft:sweet_berries":19,"minecraft:wolf_spawn_egg":5,"minecraft:oak_sapling":5,"minecraft:furnace":7,"minecraft:beetroot_seeds":1,"minecraft:egg":3,"minecraft:cooked_beef":59,"minecraft:cobbled_deepslate":10,"minecraft:iron_leggings":1,"minecraft:wheat_seeds":70,"minecraft:water_bucket":55,"minecraft:stone_pickaxe":270,"minecraft:baked_potato":1,"minecraft:oak_planks":65,"minecraft:ender_pearl":1,"minecraft:wooden_pickaxe":46,"minecraft:sandstone":28,"minecraft:stonecutter":1,"minecraft:glow_berries":9,"minecraft:sand":130,"minecraft:crafting_table":14,"minecraft:red_bed":1,"minecraft:blast_furnace":1,"minecraft:white_bed":1,"minecraft:sponge":147,"minecraft:stone_brick_wall":1,"minecraft:shears":1,"minecraft:oak_log":475,"minecraft:diamond_pickaxe":1316,"minecraft:apple":6,"minecraft:diamond_shovel":725,"minecraft:iron_pickaxe":414,"minecraft:gravel":13,"minecraft:spruce_sapling":7,"minecraft:potion":2,"minecraft:stone_axe":165,"minecraft:diamond_sword":328,"minecraft:cobblestone":131,"minecraft:bucket":47,"minecraft:stripped_oak_log":47,"minecraft:cobweb":1,"minecraft:bone_meal":35},"minecraft:crafted":{"minecraft:oak_door":6,"minecraft:smooth_stone":9,"minecraft:oak_planks":32,"minecraft:furnace":7,"minecraft:stone":661,"minecraft:bone_meal":36,"minecraft:diamond_shovel":2,"minecraft:bow":1,"minecraft:stone_pickaxe":2,"minecraft:chest":3,"minecraft:spruce_boat":3,"minecraft:stone_hoe":3,"minecraft:oak_fence":3,"minecraft:emerald":9,"minecraft:diamond_sword":1,"minecraft:crafting_table":2,"minecraft:spruce_planks":76,"minecraft:wooden_pickaxe":1,"minecraft:stone_axe":2,"minecraft:air":0,"minecraft:white_wool":3,"minecraft:diamond_pickaxe":1,"minecraft:shield":1,"minecraft:stick":20,"minecraft:iron_ingot":8,"minecraft:stone_sword":1,"minecraft:stonecutter":1,"minecraft:white_bed":1,"minecraft:torch":16,"minecraft:shears":2},"minecraft:dropped":{"minecraft:guster_pottery_sherd":3,"minecraft:moss_block":64,"minecraft:lapis_lazuli":84,"minecraft:wheat_seeds":9,"minecraft:cooked_beef":55,"minecraft:baked_potato":2,"minecraft:glass_bottle":4,"minecraft:ender_pearl":1,"minecraft:crafting_table":1,"minecraft:decorated_pot":4,"minecraft:golden_axe":1,"minecraft:lead":1,"minecraft:cobblestone":96,"minecraft:glow_berries":4,"minecraft:lantern":16,"minecraft:granite":1,"minecraft:rail":3,"minecraft:emerald":2,"minecraft:stick":2,"minecraft:dirt":5,"minecraft:diorite":6,"minecraft:wooden_axe":1,"minecraft:potion":1,"minecraft:phantom_membrane":1,"minecraft:bucket":1,"minecraft:spruce_sapling":6,"minecraft:redstone":33,"minecraft:bone":37,"minecraft:oak_door":1,"minecraft:gravel":31,"minecraft:stone_axe":1,"minecraft:iron_nugget":4,"minecraft:cooked_chicken":1,"minecraft:cobbled_deepslate":8,"minecraft:raw_copper":14,"minecraft:bamboo_hanging_sign":2,"minecraft:beetroot":1,"minecraft:chicken":1,"minecraft:rotten_flesh":39,"minecraft:clay_ball":4,"minecraft:oak_planks":128,"minecraft:diamond_shovel":2,"minecraft:stripped_oak_log":1,"minecraft:shears":1,"minecraft:gunpowder":2,"minecraft:beetroot_seeds":1,"minecraft:oak_sapling":4,"minecraft:chest":2,"minecraft:bow":1,"minecraft:slime_ball":40,"minecraft:stone_bricks":2,"minecraft:spider_eye":1,"minecraft:arrow":64,"minecraft:wooden_pickaxe":3,"minecraft:raw_gold":6,"minecraft:scaffolding":11,"minecraft:cyan_bed":1,"minecraft:brick":13,"minecraft:egg":1},"minecraft:picked_up":{"minecraft:iron_chestplate":1,"minecraft:crafting_table":15,"minecraft:wheat":48,"minecraft:chicken":1,"minecraft:clay_ball":20,"minecraft:smithing_table":1,"minecraft:lead":2,"minecraft:diamond_sword":1,"minecraft:wooden_pickaxe":2,"minecraft:potion":4,"minecraft:enchanted_book":1,"minecraft:stone_brick_stairs":2,"minecraft:brick":13,"minecraft:shield":1,"minecraft:string":145,"minecraft:red_bed":1,"minecraft:raw_copper":290,"minecraft:iron_leggings":1,"minecraft:beetroot":148,"minecraft:cobbled_deepslate":41,"minecraft:spruce_planks":3,"minecraft:trial_key":10,"minecraft:tipped_arrow":4,"minecraft:guster_pottery_sherd":3,"minecraft:azalea":1,"minecraft:iron_pickaxe":1,"minecraft:lectern":1,"minecraft:chest":1,"minecraft:birch_sapling":2,"minecraft:furnace":1,"minecraft:phantom_membrane":2,"minecraft:egg":2,"minecraft:stick":12,"minecraft:raw_iron":134,"minecraft:sandstone":44,"minecraft:oak_door":3,"minecraft:copper_ingot":2,"minecraft:torch":28,"minecraft:diorite":33,"minecraft:redstone":112,"minecraft:arrow":289,"minecraft:rotten_flesh":55,"minecraft:decorated_pot":4,"minecraft:tropical_fish":1,"minecraft:beetroot_seeds":384,"minecraft:shears":1,"minecraft:glow_berries":4,"minecraft:snowball":8,"minecraft:rail":3,"minecraft:cobblestone":1474,"minecraft:stripped_oak_log":2,"minecraft:cooked_beef":27,"minecraft:water_bucket":2,"minecraft:glow_ink_sac":7,"minecraft:andesite":56,"minecraft:leather":4,"minecraft:potato":14,"minecraft:filled_map":2,"minecraft:birch_planks":12,"minecraft:flint":1,"minecraft:oak_log":80,"minecraft:gunpowder":30,"minecraft:lapis_lazuli":225,"minecraft:dirt":836,"minecraft:lantern":1,"minecraft:bone":70,"minecraft:apple":7,"minecraft:stone_bricks":4,"minecraft:bow":4,"minecraft:wheat_seeds":80,"minecraft:raw_gold":37,"minecraft:iron_ingot":20,"minecraft:cooked_chicken":1,"minecraft:cobweb":1,"minecraft:glass_bottle":2,"minecraft:moss_block":15,"minecraft:stone_hoe":1,"minecraft:oak_planks":67,"minecraft:book":33,"minecraft:glow_lichen":16,"minecraft:emerald_block":1,"minecraft:pumpkin":5,"minecraft:sweet_berries":54,"minecraft:dandelion":1,"minecraft:gravel":76,"minecraft:sand":140,"minecraft:spruce_sapling":13,"minecraft:blast_furnace":1,"minecraft:ink_sac":2,"minecraft:spruce_log":23,"minecraft:mossy_stone_brick_slab":1,"minecraft:spider_eye":6,"minecraft:slime_ball":40,"minecraft:sugar":2,"minecraft:stone_axe":1,"minecraft:diamond":8,"minecraft:spruce_boat":1,"minecraft:iron_helmet":1,"minecraft:granite":208,"minecraft:bone_meal":1,"minecraft:bread":3,"minecraft:emerald":9,"minecraft:baked_potato":3,"minecraft:oak_sapling":16,"minecraft:coal":130,"minecraft:diamond_pickaxe":1,"minecraft:ender_pearl":2},"minecraft:killed":{"minecraft:bogged":14,"minecraft:witch":2,"minecraft:spider":14,"minecraft:slime":55,"minecraft:phantom":1,"minecraft:skeleton":40,"minecraft:chicken":2,"minecraft:drowned":2,"minecraft:wolf":4,"minecraft:pig":1,"minecraft:bat":2,"minecraft:creeper":14,"minecraft:zombie":60,"minecraft:glow_squid":1}},"DataVersion":3955}